id,ingredient_name,category_id,description,created_at,updated_at,unit,calories
1,Bánh phở,6,,Thu Mar 12 2026 08:58:16 GMT+0700 (Indochina Time),Thu Mar 12 2026 08:58:16 GMT+0700 (Indochina Time),,
2,Thịt bò tái,2,,Thu Mar 12 2026 08:58:16 GMT+0700 (Indochina Time),Thu Mar 12 2026 08:58:16 GMT+0700 (Indochina Time),,
3,Xương bò,2,,Thu Mar 12 2026 08:58:16 GMT+0700 (Indochina Time),Thu Mar 12 2026 08:58:16 GMT+0700 (Indochina Time),,
4,Hành tây,1,,Thu Mar 12 2026 08:58:16 GMT+0700 (Indochina Time),Thu Mar 12 2026 08:58:16 GMT+0700 (Indochina Time),,
5,Gừng,5,,Thu Mar 12 2026 08:58:16 GMT+0700 (Indochina Time),Thu Mar 12 2026 08:58:16 GMT+0700 (Indochina Time),,
6,Quế,5,,Thu Mar 12 2026 08:58:16 GMT+0700 (Indochina Time),Thu Mar 12 2026 08:58:16 GMT+0700 (Indochina Time),,
7,Hoa hồi,5,,Thu Mar 12 2026 08:58:16 GMT+0700 (Indochina Time),Thu Mar 12 2026 08:58:16 GMT+0700 (Indochina Time),,
8,Hành lá,1,,Thu Mar 12 2026 08:58:16 GMT+0700 (Indochina Time),Thu Mar 12 2026 08:58:16 GMT+0700 (Indochina Time),,
9,Rau thơm,1,,Thu Mar 12 2026 08:58:16 GMT+0700 (Indochina Time),Thu Mar 12 2026 08:58:16 GMT+0700 (Indochina Time),,
10,Chanh,1,,Thu Mar 12 2026 08:58:16 GMT+0700 (Indochina Time),Thu Mar 12 2026 08:58:16 GMT+0700 (Indochina Time),,
11,Thịt ba chỉ,2,,Thu Mar 12 2026 08:58:16 GMT+0700 (Indochina Time),Thu Mar 12 2026 08:58:16 GMT+0700 (Indochina Time),,
12,Bún tươi,6,,Thu Mar 12 2026 08:58:16 GMT+0700 (Indochina Time),Thu Mar 12 2026 08:58:16 GMT+0700 (Indochina Time),,
13,Nước mắm,8,,Thu Mar 12 2026 08:58:16 GMT+0700 (Indochina Time),Thu Mar 12 2026 08:58:16 GMT+0700 (Indochina Time),,
14,Đường,5,,Thu Mar 12 2026 08:58:16 GMT+0700 (Indochina Time),Thu Mar 12 2026 08:58:16 GMT+0700 (Indochina Time),,
15,Tỏi,5,,Thu Mar 12 2026 08:58:16 GMT+0700 (Indochina Time),Thu Mar 12 2026 08:58:16 GMT+0700 (Indochina Time),,
16,Ớt,5,,Thu Mar 12 2026 08:58:16 GMT+0700 (Indochina Time),Thu Mar 12 2026 08:58:16 GMT+0700 (Indochina Time),,
17,Hành tím,1,,Thu Mar 12 2026 08:58:16 GMT+0700 (Indochina Time),Thu Mar 12 2026 08:58:16 GMT+0700 (Indochina Time),,
18,Rau sống,1,,Thu Mar 12 2026 08:58:16 GMT+0700 (Indochina Time),Thu Mar 12 2026 08:58:16 GMT+0700 (Indochina Time),,
19,Dưa chuột,1,,Thu Mar 12 2026 08:58:16 GMT+0700 (Indochina Time),Thu Mar 12 2026 08:58:16 GMT+0700 (Indochina Time),,
20,Bánh mì baguette,6,,Thu Mar 12 2026 08:58:16 GMT+0700 (Indochina Time),Thu Mar 12 2026 08:58:16 GMT+0700 (Indochina Time),,
21,Pate gan,2,,Thu Mar 12 2026 08:58:16 GMT+0700 (Indochina Time),Thu Mar 12 2026 08:58:16 GMT+0700 (Indochina Time),,
22,Thịt nguội,2,,Thu Mar 12 2026 08:58:16 GMT+0700 (Indochina Time),Thu Mar 12 2026 08:58:16 GMT+0700 (Indochina Time),,
23,Chả lụa,2,,Thu Mar 12 2026 08:58:16 GMT+0700 (Indochina Time),Thu Mar 12 2026 08:58:16 GMT+0700 (Indochina Time),,
24,Cà rốt,1,,Thu Mar 12 2026 08:58:16 GMT+0700 (Indochina Time),Thu Mar 12 2026 08:58:16 GMT+0700 (Indochina Time),,
25,Rau mùi,1,,Thu Mar 12 2026 08:58:16 GMT+0700 (Indochina Time),Thu Mar 12 2026 08:58:16 GMT+0700 (Indochina Time),,
26,Nước tương,8,,Thu Mar 12 2026 08:58:16 GMT+0700 (Indochina Time),Thu Mar 12 2026 08:58:16 GMT+0700 (Indochina Time),,
27,Mayonnaise,1,,Thu Mar 12 2026 08:58:16 GMT+0700 (Indochina Time),Thu Mar 12 2026 08:58:16 GMT+0700 (Indochina Time),,
28,Cà chua,1,,Thu Mar 12 2026 08:58:16 GMT+0700 (Indochina Time),Thu Mar 12 2026 08:58:16 GMT+0700 (Indochina Time),,
29,Thịt heo,2,,Thu Mar 12 2026 08:58:16 GMT+0700 (Indochina Time),Thu Mar 12 2026 08:58:16 GMT+0700 (Indochina Time),,
30,Thịt bò,2,,Thu Mar 12 2026 08:58:16 GMT+0700 (Indochina Time),Thu Mar 12 2026 08:58:16 GMT+0700 (Indochina Time),,
31,Trứng,9,,Thu Mar 12 2026 08:58:16 GMT+0700 (Indochina Time),Thu Mar 12 2026 08:58:16 GMT+0700 (Indochina Time),,
32,Gạo,6,,Thu Mar 12 2026 08:58:16 GMT+0700 (Indochina Time),Thu Mar 12 2026 08:58:16 GMT+0700 (Indochina Time),,
33,Muối,5,,Thu Mar 12 2026 08:58:16 GMT+0700 (Indochina Time),Thu Mar 12 2026 08:58:16 GMT+0700 (Indochina Time),,
34,Tôm,3,,Thu Mar 12 2026 08:58:16 GMT+0700 (Indochina Time),Thu Mar 12 2026 08:58:16 GMT+0700 (Indochina Time),,
35,Bánh tráng,6,,Thu Mar 12 2026 08:58:16 GMT+0700 (Indochina Time),Thu Mar 12 2026 08:58:16 GMT+0700 (Indochina Time),,
36,Bột bánh xèo,6,,Thu Mar 12 2026 08:58:16 GMT+0700 (Indochina Time),Thu Mar 12 2026 08:58:16 GMT+0700 (Indochina Time),,
37,Giá đỗ,1,,Thu Mar 12 2026 08:58:16 GMT+0700 (Indochina Time),Thu Mar 12 2026 08:58:16 GMT+0700 (Indochina Time),,
38,Nước cốt dừa,4,,Thu Mar 12 2026 08:58:16 GMT+0700 (Indochina Time),Thu Mar 12 2026 08:58:16 GMT+0700 (Indochina Time),,
39,Cá lóc,3,,Thu Mar 12 2026 08:58:16 GMT+0700 (Indochina Time),Thu Mar 12 2026 08:58:16 GMT+0700 (Indochina Time),,
40,Thơm,12,,Thu Mar 12 2026 08:58:16 GMT+0700 (Indochina Time),Thu Mar 12 2026 08:58:16 GMT+0700 (Indochina Time),,
41,Đậu bắp,1,,Thu Mar 12 2026 08:58:16 GMT+0700 (Indochina Time),Thu Mar 12 2026 08:58:16 GMT+0700 (Indochina Time),,
42,Me,5,,Thu Mar 12 2026 08:58:16 GMT+0700 (Indochina Time),Thu Mar 12 2026 08:58:16 GMT+0700 (Indochina Time),,
43,Khoai tây,1,,Thu Mar 12 2026 08:58:16 GMT+0700 (Indochina Time),Thu Mar 12 2026 08:58:16 GMT+0700 (Indochina Time),,
44,Sả,5,,Thu Mar 12 2026 08:58:16 GMT+0700 (Indochina Time),Thu Mar 12 2026 08:58:16 GMT+0700 (Indochina Time),,
45,Thịt heo xay,2,,Thu Mar 12 2026 08:58:16 GMT+0700 (Indochina Time),Thu Mar 12 2026 08:58:16 GMT+0700 (Indochina Time),,
46,Mộc nhĩ,1,,Thu Mar 12 2026 08:58:16 GMT+0700 (Indochina Time),Thu Mar 12 2026 08:58:16 GMT+0700 (Indochina Time),,
47,Bánh đa nem,6,,Thu Mar 12 2026 08:58:16 GMT+0700 (Indochina Time),Thu Mar 12 2026 08:58:16 GMT+0700 (Indochina Time),,
48,Hủ tiếu khô,6,,Thu Mar 12 2026 08:58:16 GMT+0700 (Indochina Time),Thu Mar 12 2026 08:58:16 GMT+0700 (Indochina Time),,
49,Gan heo,2,,Thu Mar 12 2026 08:58:16 GMT+0700 (Indochina Time),Thu Mar 12 2026 08:58:16 GMT+0700 (Indochina Time),,
50,Xương heo,2,,Thu Mar 12 2026 08:58:16 GMT+0700 (Indochina Time),Thu Mar 12 2026 08:58:16 GMT+0700 (Indochina Time),,
51,Bánh mì,6,,Thu Mar 12 2026 08:58:16 GMT+0700 (Indochina Time),Thu Mar 12 2026 08:58:16 GMT+0700 (Indochina Time),,
52,Pate,2,,Thu Mar 12 2026 08:58:16 GMT+0700 (Indochina Time),Thu Mar 12 2026 08:58:16 GMT+0700 (Indochina Time),,
53,Gà,2,,Thu Mar 12 2026 08:58:16 GMT+0700 (Indochina Time),Thu Mar 12 2026 08:58:16 GMT+0700 (Indochina Time),,
54,Mực,3,,Thu Mar 12 2026 08:58:16 GMT+0700 (Indochina Time),Thu Mar 12 2026 08:58:16 GMT+0700 (Indochina Time),,
55,Cá,3,,Thu Mar 12 2026 08:58:16 GMT+0700 (Indochina Time),Thu Mar 12 2026 08:58:16 GMT+0700 (Indochina Time),,
56,Nấm,11,,Thu Mar 12 2026 08:58:16 GMT+0700 (Indochina Time),Thu Mar 12 2026 08:58:16 GMT+0700 (Indochina Time),,
57,Riềng,5,,Thu Mar 12 2026 08:58:16 GMT+0700 (Indochina Time),Thu Mar 12 2026 08:58:16 GMT+0700 (Indochina Time),,
58,Giò heo,2,,Thu Mar 12 2026 08:58:16 GMT+0700 (Indochina Time),Thu Mar 12 2026 08:58:16 GMT+0700 (Indochina Time),,
59,Mắm ruốc,3,,Thu Mar 12 2026 08:58:16 GMT+0700 (Indochina Time),Thu Mar 12 2026 08:58:16 GMT+0700 (Indochina Time),,
60,Gạo nếp,6,,Thu Mar 12 2026 08:58:16 GMT+0700 (Indochina Time),Thu Mar 12 2026 08:58:16 GMT+0700 (Indochina Time),,
61,Đậu phộng,6,,Thu Mar 12 2026 08:58:16 GMT+0700 (Indochina Time),Thu Mar 12 2026 08:58:16 GMT+0700 (Indochina Time),,
62,Cá basa,3,,Thu Mar 12 2026 08:58:16 GMT+0700 (Indochina Time),Thu Mar 12 2026 08:58:16 GMT+0700 (Indochina Time),,
63,Mì Quảng,6,,Thu Mar 12 2026 08:58:16 GMT+0700 (Indochina Time),Thu Mar 12 2026 08:58:16 GMT+0700 (Indochina Time),,
64,Gạo tẻ,6,,Thu Mar 12 2026 08:58:16 GMT+0700 (Indochina Time),Thu Mar 12 2026 08:58:16 GMT+0700 (Indochina Time),,
65,Lòng heo,2,,Thu Mar 12 2026 08:58:16 GMT+0700 (Indochina Time),Thu Mar 12 2026 08:58:16 GMT+0700 (Indochina Time),,
66,Tiêu,5,,Thu Mar 12 2026 08:58:16 GMT+0700 (Indochina Time),Thu Mar 12 2026 08:58:16 GMT+0700 (Indochina Time),,
67,Bột gạo,6,,Thu Mar 12 2026 08:58:16 GMT+0700 (Indochina Time),Thu Mar 12 2026 08:58:16 GMT+0700 (Indochina Time),,
68,Nấm mèo,11,,Thu Mar 12 2026 08:58:16 GMT+0700 (Indochina Time),Thu Mar 12 2026 08:58:16 GMT+0700 (Indochina Time),,
69,Chả quế,5,,Thu Mar 12 2026 08:58:16 GMT+0700 (Indochina Time),Thu Mar 12 2026 08:58:16 GMT+0700 (Indochina Time),,
70,Bột mì,6,,Thu Mar 12 2026 08:58:16 GMT+0700 (Indochina Time),Thu Mar 12 2026 08:58:16 GMT+0700 (Indochina Time),,
71,Men nở,5,,Thu Mar 12 2026 08:58:16 GMT+0700 (Indochina Time),Thu Mar 12 2026 08:58:16 GMT+0700 (Indochina Time),,
72,Nấm hương,11,,Thu Mar 12 2026 08:58:16 GMT+0700 (Indochina Time),Thu Mar 12 2026 08:58:16 GMT+0700 (Indochina Time),,
73,Bắp cải,1,,Thu Mar 12 2026 08:58:16 GMT+0700 (Indochina Time),Thu Mar 12 2026 08:58:16 GMT+0700 (Indochina Time),,
74,Cải thảo,1,,Thu Mar 12 2026 08:58:16 GMT+0700 (Indochina Time),Thu Mar 12 2026 08:58:16 GMT+0700 (Indochina Time),,
75,Rau muống,1,,Thu Mar 12 2026 08:58:16 GMT+0700 (Indochina Time),Thu Mar 12 2026 08:58:16 GMT+0700 (Indochina Time),,
76,Rau cải,1,,Thu Mar 12 2026 08:58:16 GMT+0700 (Indochina Time),Thu Mar 12 2026 08:58:16 GMT+0700 (Indochina Time),,
77,Rau dền,1,,Thu Mar 12 2026 08:58:16 GMT+0700 (Indochina Time),Thu Mar 12 2026 08:58:16 GMT+0700 (Indochina Time),,
78,Mồng tơi,1,,Thu Mar 12 2026 08:58:16 GMT+0700 (Indochina Time),Thu Mar 12 2026 08:58:16 GMT+0700 (Indochina Time),,
79,Rau ngót,1,,Thu Mar 12 2026 08:58:16 GMT+0700 (Indochina Time),Thu Mar 12 2026 08:58:16 GMT+0700 (Indochina Time),,
80,Đậu que,1,,Thu Mar 12 2026 08:58:16 GMT+0700 (Indochina Time),Thu Mar 12 2026 08:58:16 GMT+0700 (Indochina Time),,
81,Cà tím,1,,Thu Mar 12 2026 08:58:16 GMT+0700 (Indochina Time),Thu Mar 12 2026 08:58:16 GMT+0700 (Indochina Time),,
82,Ớt chuông,5,,Thu Mar 12 2026 08:58:16 GMT+0700 (Indochina Time),Thu Mar 12 2026 08:58:16 GMT+0700 (Indochina Time),,
83,Bí đỏ,1,,Thu Mar 12 2026 08:58:16 GMT+0700 (Indochina Time),Thu Mar 12 2026 08:58:16 GMT+0700 (Indochina Time),,
84,Bí xanh,1,,Thu Mar 12 2026 08:58:16 GMT+0700 (Indochina Time),Thu Mar 12 2026 08:58:16 GMT+0700 (Indochina Time),,
85,Khoai lang,1,,Thu Mar 12 2026 08:58:16 GMT+0700 (Indochina Time),Thu Mar 12 2026 08:58:16 GMT+0700 (Indochina Time),,
86,Củ cải trắng,1,,Thu Mar 12 2026 08:58:16 GMT+0700 (Indochina Time),Thu Mar 12 2026 08:58:16 GMT+0700 (Indochina Time),,
87,Củ cải đỏ,1,,Thu Mar 12 2026 08:58:16 GMT+0700 (Indochina Time),Thu Mar 12 2026 08:58:16 GMT+0700 (Indochina Time),,
88,Nấm rơm,11,,Thu Mar 12 2026 08:58:16 GMT+0700 (Indochina Time),Thu Mar 12 2026 08:58:16 GMT+0700 (Indochina Time),,
89,Nghệ,5,,Thu Mar 12 2026 08:58:16 GMT+0700 (Indochina Time),Thu Mar 12 2026 08:58:16 GMT+0700 (Indochina Time),,
90,Ngò gai,1,,Thu Mar 12 2026 08:58:16 GMT+0700 (Indochina Time),Thu Mar 12 2026 08:58:16 GMT+0700 (Indochina Time),,
91,Húng quế,5,,Thu Mar 12 2026 08:58:16 GMT+0700 (Indochina Time),Thu Mar 12 2026 08:58:16 GMT+0700 (Indochina Time),,
92,Lá lốt,1,,Thu Mar 12 2026 08:58:16 GMT+0700 (Indochina Time),Thu Mar 12 2026 08:58:16 GMT+0700 (Indochina Time),,
93,Lá chanh,1,,Thu Mar 12 2026 08:58:16 GMT+0700 (Indochina Time),Thu Mar 12 2026 08:58:16 GMT+0700 (Indochina Time),,
94,Chuối chát,1,,Thu Mar 12 2026 08:58:16 GMT+0700 (Indochina Time),Thu Mar 12 2026 08:58:16 GMT+0700 (Indochina Time),,
95,Dứa,12,,Thu Mar 12 2026 08:58:16 GMT+0700 (Indochina Time),Thu Mar 12 2026 08:58:16 GMT+0700 (Indochina Time),,
96,Chanh dây,1,,Thu Mar 12 2026 08:58:16 GMT+0700 (Indochina Time),Thu Mar 12 2026 08:58:16 GMT+0700 (Indochina Time),,
97,Thịt nạc,2,,Thu Mar 12 2026 08:58:16 GMT+0700 (Indochina Time),Thu Mar 12 2026 08:58:16 GMT+0700 (Indochina Time),,
98,Sườn heo,2,,Thu Mar 12 2026 08:58:16 GMT+0700 (Indochina Time),Thu Mar 12 2026 08:58:16 GMT+0700 (Indochina Time),,
99,Thịt gà,2,,Thu Mar 12 2026 08:58:16 GMT+0700 (Indochina Time),Thu Mar 12 2026 08:58:16 GMT+0700 (Indochina Time),,
100,Đùi gà,2,,Thu Mar 12 2026 08:58:16 GMT+0700 (Indochina Time),Thu Mar 12 2026 08:58:16 GMT+0700 (Indochina Time),,
101,Cánh gà,2,,Thu Mar 12 2026 08:58:16 GMT+0700 (Indochina Time),Thu Mar 12 2026 08:58:16 GMT+0700 (Indochina Time),,
102,Ức gà,2,,Thu Mar 12 2026 08:58:16 GMT+0700 (Indochina Time),Thu Mar 12 2026 08:58:16 GMT+0700 (Indochina Time),,
103,Gà nguyên con,2,,Thu Mar 12 2026 08:58:16 GMT+0700 (Indochina Time),Thu Mar 12 2026 08:58:16 GMT+0700 (Indochina Time),,
104,Thịt vịt,2,,Thu Mar 12 2026 08:58:16 GMT+0700 (Indochina Time),Thu Mar 12 2026 08:58:16 GMT+0700 (Indochina Time),,
105,Thịt ngan,2,,Thu Mar 12 2026 08:58:16 GMT+0700 (Indochina Time),Thu Mar 12 2026 08:58:16 GMT+0700 (Indochina Time),,
106,Tôm sú,3,,Thu Mar 12 2026 08:58:16 GMT+0700 (Indochina Time),Thu Mar 12 2026 08:58:16 GMT+0700 (Indochina Time),,
107,Tôm thẻ,3,,Thu Mar 12 2026 08:58:16 GMT+0700 (Indochina Time),Thu Mar 12 2026 08:58:16 GMT+0700 (Indochina Time),,
108,Cá rô,3,,Thu Mar 12 2026 08:58:16 GMT+0700 (Indochina Time),Thu Mar 12 2026 08:58:16 GMT+0700 (Indochina Time),,
109,Cá trắm,3,,Thu Mar 12 2026 08:58:16 GMT+0700 (Indochina Time),Thu Mar 12 2026 08:58:16 GMT+0700 (Indochina Time),,
110,Cá chép,3,,Thu Mar 12 2026 08:58:16 GMT+0700 (Indochina Time),Thu Mar 12 2026 08:58:16 GMT+0700 (Indochina Time),,
111,Cá thu,3,,Thu Mar 12 2026 08:58:16 GMT+0700 (Indochina Time),Thu Mar 12 2026 08:58:16 GMT+0700 (Indochina Time),,
112,Cá ngừ,3,,Thu Mar 12 2026 08:58:16 GMT+0700 (Indochina Time),Thu Mar 12 2026 08:58:16 GMT+0700 (Indochina Time),,
113,Mực ống,3,,Thu Mar 12 2026 08:58:16 GMT+0700 (Indochina Time),Thu Mar 12 2026 08:58:16 GMT+0700 (Indochina Time),,
114,Bạch tuộc,3,,Thu Mar 12 2026 08:58:16 GMT+0700 (Indochina Time),Thu Mar 12 2026 08:58:16 GMT+0700 (Indochina Time),,
115,Cua,3,,Thu Mar 12 2026 08:58:16 GMT+0700 (Indochina Time),Thu Mar 12 2026 08:58:16 GMT+0700 (Indochina Time),,
116,Ghẹ,3,,Thu Mar 12 2026 08:58:16 GMT+0700 (Indochina Time),Thu Mar 12 2026 08:58:16 GMT+0700 (Indochina Time),,
117,Nghêu,3,,Thu Mar 12 2026 08:58:16 GMT+0700 (Indochina Time),Thu Mar 12 2026 08:58:16 GMT+0700 (Indochina Time),,
118,Sò huyết,3,,Thu Mar 12 2026 08:58:16 GMT+0700 (Indochina Time),Thu Mar 12 2026 08:58:16 GMT+0700 (Indochina Time),,
119,Hàu,3,,Thu Mar 12 2026 08:58:16 GMT+0700 (Indochina Time),Thu Mar 12 2026 08:58:16 GMT+0700 (Indochina Time),,
120,Sữa tươi,4,,Thu Mar 12 2026 08:58:16 GMT+0700 (Indochina Time),Thu Mar 12 2026 08:58:16 GMT+0700 (Indochina Time),,
121,Sữa đặc,4,,Thu Mar 12 2026 08:58:16 GMT+0700 (Indochina Time),Thu Mar 12 2026 08:58:16 GMT+0700 (Indochina Time),,
122,Phô mai,4,,Thu Mar 12 2026 08:58:16 GMT+0700 (Indochina Time),Thu Mar 12 2026 08:58:16 GMT+0700 (Indochina Time),,
123,Bơ,4,,Thu Mar 12 2026 08:58:16 GMT+0700 (Indochina Time),Thu Mar 12 2026 08:58:16 GMT+0700 (Indochina Time),,
124,Kem tươi,4,,Thu Mar 12 2026 08:58:16 GMT+0700 (Indochina Time),Thu Mar 12 2026 08:58:16 GMT+0700 (Indochina Time),,
125,Đường nâu,5,,Thu Mar 12 2026 08:58:16 GMT+0700 (Indochina Time),Thu Mar 12 2026 08:58:16 GMT+0700 (Indochina Time),,
126,Tiêu xay,5,,Thu Mar 12 2026 08:58:16 GMT+0700 (Indochina Time),Thu Mar 12 2026 08:58:16 GMT+0700 (Indochina Time),,
127,Ớt bột,5,,Thu Mar 12 2026 08:58:16 GMT+0700 (Indochina Time),Thu Mar 12 2026 08:58:16 GMT+0700 (Indochina Time),,
128,Tỏi băm,5,,Thu Mar 12 2026 08:58:16 GMT+0700 (Indochina Time),Thu Mar 12 2026 08:58:16 GMT+0700 (Indochina Time),,
129,Hành phi,5,,Thu Mar 12 2026 08:58:16 GMT+0700 (Indochina Time),Thu Mar 12 2026 08:58:16 GMT+0700 (Indochina Time),,
130,Bột ngọt,5,,Thu Mar 12 2026 08:58:16 GMT+0700 (Indochina Time),Thu Mar 12 2026 08:58:16 GMT+0700 (Indochina Time),,
131,Bột nêm,6,,Thu Mar 12 2026 08:58:16 GMT+0700 (Indochina Time),Thu Mar 12 2026 08:58:16 GMT+0700 (Indochina Time),,
132,Thảo quả,5,,Thu Mar 12 2026 08:58:16 GMT+0700 (Indochina Time),Thu Mar 12 2026 08:58:16 GMT+0700 (Indochina Time),,
133,Đinh hương,5,,Thu Mar 12 2026 08:58:16 GMT+0700 (Indochina Time),Thu Mar 12 2026 08:58:16 GMT+0700 (Indochina Time),,
134,Lá chanh khô,5,,Thu Mar 12 2026 08:58:16 GMT+0700 (Indochina Time),Thu Mar 12 2026 08:58:16 GMT+0700 (Indochina Time),,
135,Lá nguyệt quế,5,,Thu Mar 12 2026 08:58:16 GMT+0700 (Indochina Time),Thu Mar 12 2026 08:58:16 GMT+0700 (Indochina Time),,
136,Rau mùi khô,1,,Thu Mar 12 2026 08:58:16 GMT+0700 (Indochina Time),Thu Mar 12 2026 08:58:16 GMT+0700 (Indochina Time),,
137,Thì là,5,,Thu Mar 12 2026 08:58:16 GMT+0700 (Indochina Time),Thu Mar 12 2026 08:58:16 GMT+0700 (Indochina Time),,
138,Nghệ bột,5,,Thu Mar 12 2026 08:58:16 GMT+0700 (Indochina Time),Thu Mar 12 2026 08:58:16 GMT+0700 (Indochina Time),,
139,Cà ri,5,,Thu Mar 12 2026 08:58:16 GMT+0700 (Indochina Time),Thu Mar 12 2026 08:58:16 GMT+0700 (Indochina Time),,
140,Ngũ vị hương,5,,Thu Mar 12 2026 08:58:16 GMT+0700 (Indochina Time),Thu Mar 12 2026 08:58:16 GMT+0700 (Indochina Time),,
141,Gạo nếp cẩm,6,,Thu Mar 12 2026 08:58:16 GMT+0700 (Indochina Time),Thu Mar 12 2026 08:58:16 GMT+0700 (Indochina Time),,
142,Bột nếp,6,,Thu Mar 12 2026 08:58:16 GMT+0700 (Indochina Time),Thu Mar 12 2026 08:58:16 GMT+0700 (Indochina Time),,
143,Bột năng,6,,Thu Mar 12 2026 08:58:16 GMT+0700 (Indochina Time),Thu Mar 12 2026 08:58:16 GMT+0700 (Indochina Time),,
144,Bột sắn,6,,Thu Mar 12 2026 08:58:16 GMT+0700 (Indochina Time),Thu Mar 12 2026 08:58:16 GMT+0700 (Indochina Time),,
145,Bún,6,,Thu Mar 12 2026 08:58:16 GMT+0700 (Indochina Time),Thu Mar 12 2026 08:58:16 GMT+0700 (Indochina Time),,
146,Miến,6,,Thu Mar 12 2026 08:58:16 GMT+0700 (Indochina Time),Thu Mar 12 2026 08:58:16 GMT+0700 (Indochina Time),,
147,Đậu xanh,6,,Thu Mar 12 2026 08:58:16 GMT+0700 (Indochina Time),Thu Mar 12 2026 08:58:16 GMT+0700 (Indochina Time),,
148,Đậu đỏ,6,,Thu Mar 12 2026 08:58:16 GMT+0700 (Indochina Time),Thu Mar 12 2026 08:58:16 GMT+0700 (Indochina Time),,
149,Đậu đen,6,,Thu Mar 12 2026 08:58:16 GMT+0700 (Indochina Time),Thu Mar 12 2026 08:58:16 GMT+0700 (Indochina Time),,
150,Đậu nành,6,,Thu Mar 12 2026 08:58:16 GMT+0700 (Indochina Time),Thu Mar 12 2026 08:58:16 GMT+0700 (Indochina Time),,
151,Mè đen,6,,Thu Mar 12 2026 08:58:16 GMT+0700 (Indochina Time),Thu Mar 12 2026 08:58:16 GMT+0700 (Indochina Time),,
152,Mè trắng,6,,Thu Mar 12 2026 08:58:16 GMT+0700 (Indochina Time),Thu Mar 12 2026 08:58:16 GMT+0700 (Indochina Time),,
153,Yến mạch,6,,Thu Mar 12 2026 08:58:16 GMT+0700 (Indochina Time),Thu Mar 12 2026 08:58:16 GMT+0700 (Indochina Time),,
154,Bột yến mạch,6,,Thu Mar 12 2026 08:58:16 GMT+0700 (Indochina Time),Thu Mar 12 2026 08:58:16 GMT+0700 (Indochina Time),,
155,Dầu ăn,7,,Thu Mar 12 2026 08:58:16 GMT+0700 (Indochina Time),Thu Mar 12 2026 08:58:16 GMT+0700 (Indochina Time),,
156,Dầu đậu nành,7,,Thu Mar 12 2026 08:58:16 GMT+0700 (Indochina Time),Thu Mar 12 2026 08:58:16 GMT+0700 (Indochina Time),,
157,Dầu mè,7,,Thu Mar 12 2026 08:58:16 GMT+0700 (Indochina Time),Thu Mar 12 2026 08:58:16 GMT+0700 (Indochina Time),,
158,Dầu dừa,7,,Thu Mar 12 2026 08:58:16 GMT+0700 (Indochina Time),Thu Mar 12 2026 08:58:16 GMT+0700 (Indochina Time),,
159,Mỡ heo,2,,Thu Mar 12 2026 08:58:16 GMT+0700 (Indochina Time),Thu Mar 12 2026 08:58:16 GMT+0700 (Indochina Time),,
160,Tương ớt,5,,Thu Mar 12 2026 08:58:16 GMT+0700 (Indochina Time),Thu Mar 12 2026 08:58:16 GMT+0700 (Indochina Time),,
161,Tương đen,8,,Thu Mar 12 2026 08:58:16 GMT+0700 (Indochina Time),Thu Mar 12 2026 08:58:16 GMT+0700 (Indochina Time),,
162,Tương cà,5,,Thu Mar 12 2026 08:58:16 GMT+0700 (Indochina Time),Thu Mar 12 2026 08:58:16 GMT+0700 (Indochina Time),,
163,Mắm tôm,5,,Thu Mar 12 2026 08:58:16 GMT+0700 (Indochina Time),Thu Mar 12 2026 08:58:16 GMT+0700 (Indochina Time),,
164,Mắm nêm,8,,Thu Mar 12 2026 08:58:16 GMT+0700 (Indochina Time),Thu Mar 12 2026 08:58:16 GMT+0700 (Indochina Time),,
165,Mắm cá,8,,Thu Mar 12 2026 08:58:16 GMT+0700 (Indochina Time),Thu Mar 12 2026 08:58:16 GMT+0700 (Indochina Time),,
166,Hạt nêm,5,,Thu Mar 12 2026 08:58:16 GMT+0700 (Indochina Time),Thu Mar 12 2026 08:58:16 GMT+0700 (Indochina Time),,
167,Bột chiên giòn,6,,Thu Mar 12 2026 08:58:16 GMT+0700 (Indochina Time),Thu Mar 12 2026 08:58:16 GMT+0700 (Indochina Time),,
168,Giấm gạo,5,,Thu Mar 12 2026 08:58:16 GMT+0700 (Indochina Time),Thu Mar 12 2026 08:58:16 GMT+0700 (Indochina Time),,
169,Dầu hào,5,,Thu Mar 12 2026 08:58:16 GMT+0700 (Indochina Time),Thu Mar 12 2026 08:58:16 GMT+0700 (Indochina Time),,
170,Sa tế,5,,Thu Mar 12 2026 08:58:16 GMT+0700 (Indochina Time),Thu Mar 12 2026 08:58:16 GMT+0700 (Indochina Time),,
171,Mẻ,5,,Thu Mar 12 2026 08:58:16 GMT+0700 (Indochina Time),Thu Mar 12 2026 08:58:16 GMT+0700 (Indochina Time),,
172,Bột nghệ,5,,Thu Mar 12 2026 08:58:16 GMT+0700 (Indochina Time),Thu Mar 12 2026 08:58:16 GMT+0700 (Indochina Time),,
173,Bột ớt,5,,Thu Mar 12 2026 08:58:16 GMT+0700 (Indochina Time),Thu Mar 12 2026 08:58:16 GMT+0700 (Indochina Time),,
174,Mật ong,5,,Thu Mar 12 2026 08:58:16 GMT+0700 (Indochina Time),Thu Mar 12 2026 08:58:16 GMT+0700 (Indochina Time),,
175,Cải thìa,1,,Thu Mar 12 2026 08:58:16 GMT+0700 (Indochina Time),Thu Mar 12 2026 08:58:16 GMT+0700 (Indochina Time),,
176,Dưa leo,1,,Thu Mar 12 2026 08:58:16 GMT+0700 (Indochina Time),Thu Mar 12 2026 08:58:16 GMT+0700 (Indochina Time),,
177,Khổ qua,1,,Thu Mar 12 2026 08:58:16 GMT+0700 (Indochina Time),Thu Mar 12 2026 08:58:16 GMT+0700 (Indochina Time),,
178,Rau răm,1,,Thu Mar 12 2026 08:58:16 GMT+0700 (Indochina Time),Thu Mar 12 2026 08:58:16 GMT+0700 (Indochina Time),,
179,Tía tô,1,,Thu Mar 12 2026 08:58:16 GMT+0700 (Indochina Time),Thu Mar 12 2026 08:58:16 GMT+0700 (Indochina Time),,
180,Bạc hà,1,,Thu Mar 12 2026 08:58:16 GMT+0700 (Indochina Time),Thu Mar 12 2026 08:58:16 GMT+0700 (Indochina Time),,
181,Tôm khô,3,,Thu Mar 12 2026 08:58:16 GMT+0700 (Indochina Time),Thu Mar 12 2026 08:58:16 GMT+0700 (Indochina Time),,
182,Tàu hũ ky,10,,Thu Mar 12 2026 08:58:16 GMT+0700 (Indochina Time),Thu Mar 12 2026 08:58:16 GMT+0700 (Indochina Time),,
183,Đu đủ,1,,Thu Mar 12 2026 08:58:16 GMT+0700 (Indochina Time),Thu Mar 12 2026 08:58:16 GMT+0700 (Indochina Time),,
184,Kinh giới,1,,Thu Mar 12 2026 08:58:16 GMT+0700 (Indochina Time),Thu Mar 12 2026 08:58:16 GMT+0700 (Indochina Time),,
185,Xà nách,1,,Thu Mar 12 2026 08:58:16 GMT+0700 (Indochina Time),Thu Mar 12 2026 08:58:16 GMT+0700 (Indochina Time),,
186,Gạo tấm,6,,Thu Mar 12 2026 08:58:16 GMT+0700 (Indochina Time),Thu Mar 12 2026 08:58:16 GMT+0700 (Indochina Time),,
187,Bì heo,2,,Thu Mar 12 2026 08:58:16 GMT+0700 (Indochina Time),Thu Mar 12 2026 08:58:16 GMT+0700 (Indochina Time),,
188,Thính gạo,5,,Thu Mar 12 2026 08:58:16 GMT+0700 (Indochina Time),Thu Mar 12 2026 08:58:16 GMT+0700 (Indochina Time),,
189,Thịt dăm bông,2,,Thu Mar 12 2026 08:58:16 GMT+0700 (Indochina Time),Thu Mar 12 2026 08:58:16 GMT+0700 (Indochina Time),,
190,Bơ trứng,4,,Thu Mar 12 2026 08:58:16 GMT+0700 (Indochina Time),Thu Mar 12 2026 08:58:16 GMT+0700 (Indochina Time),,
191,Hẹ,1,,Thu Mar 12 2026 08:58:16 GMT+0700 (Indochina Time),Thu Mar 12 2026 08:58:16 GMT+0700 (Indochina Time),,
192,Bơ đậu phộng,5,,Thu Mar 12 2026 08:58:16 GMT+0700 (Indochina Time),Thu Mar 12 2026 08:58:16 GMT+0700 (Indochina Time),,
193,Cải bẹ xanh,1,,Thu Mar 12 2026 08:58:16 GMT+0700 (Indochina Time),Thu Mar 12 2026 08:58:16 GMT+0700 (Indochina Time),,
194,Đậu xanh cà vỏ,6,,Thu Mar 12 2026 08:58:16 GMT+0700 (Indochina Time),Thu Mar 12 2026 08:58:16 GMT+0700 (Indochina Time),,
195,Bia,13,,Thu Mar 12 2026 08:58:16 GMT+0700 (Indochina Time),Thu Mar 12 2026 08:58:16 GMT+0700 (Indochina Time),,
196,Ngò om,1,,Thu Mar 12 2026 08:58:16 GMT+0700 (Indochina Time),Thu Mar 12 2026 08:58:16 GMT+0700 (Indochina Time),,
197,Dầu màu điều,7,,Thu Mar 12 2026 08:58:16 GMT+0700 (Indochina Time),Thu Mar 12 2026 08:58:16 GMT+0700 (Indochina Time),,
198,Nước dừa tươi,12,,Thu Mar 12 2026 08:58:16 GMT+0700 (Indochina Time),Thu Mar 12 2026 08:58:16 GMT+0700 (Indochina Time),,
199,Bột gia vị bò kho,5,,Thu Mar 12 2026 08:58:16 GMT+0700 (Indochina Time),Thu Mar 12 2026 08:58:16 GMT+0700 (Indochina Time),,
200,Bánh tráng rế,6,,Thu Mar 12 2026 08:58:16 GMT+0700 (Indochina Time),Thu Mar 12 2026 08:58:16 GMT+0700 (Indochina Time),,
201,Khoai môn,1,,Thu Mar 12 2026 08:58:16 GMT+0700 (Indochina Time),Thu Mar 12 2026 08:58:16 GMT+0700 (Indochina Time),,
202,Củ sắn,1,,Thu Mar 12 2026 08:58:16 GMT+0700 (Indochina Time),Thu Mar 12 2026 08:58:16 GMT+0700 (Indochina Time),,
203,Thịt cua,3,,Thu Mar 12 2026 08:58:16 GMT+0700 (Indochina Time),Thu Mar 12 2026 08:58:16 GMT+0700 (Indochina Time),,
204,Tim heo,2,,Thu Mar 12 2026 08:58:16 GMT+0700 (Indochina Time),Thu Mar 12 2026 08:58:16 GMT+0700 (Indochina Time),,
205,Cật heo,2,,Thu Mar 12 2026 08:58:16 GMT+0700 (Indochina Time),Thu Mar 12 2026 08:58:16 GMT+0700 (Indochina Time),,
206,Tần ô (Cải cúc),1,,Thu Mar 12 2026 08:58:16 GMT+0700 (Indochina Time),Thu Mar 12 2026 08:58:16 GMT+0700 (Indochina Time),,
207,Cần tây (Cần tàu),1,,Thu Mar 12 2026 08:58:16 GMT+0700 (Indochina Time),Thu Mar 12 2026 08:58:16 GMT+0700 (Indochina Time),,
208,Trứng cút,9,,Thu Mar 12 2026 08:58:16 GMT+0700 (Indochina Time),Thu Mar 12 2026 08:58:16 GMT+0700 (Indochina Time),,
209,Cua đồng xay,3,,Thu Mar 12 2026 08:58:16 GMT+0700 (Indochina Time),Thu Mar 12 2026 08:58:16 GMT+0700 (Indochina Time),,
210,Đậu hũ chiên,10,,Thu Mar 12 2026 08:58:16 GMT+0700 (Indochina Time),Thu Mar 12 2026 08:58:16 GMT+0700 (Indochina Time),,
211,Huyết heo,2,,Thu Mar 12 2026 08:58:16 GMT+0700 (Indochina Time),Thu Mar 12 2026 08:58:16 GMT+0700 (Indochina Time),,
212,Giấm bỗng,4,,Thu Mar 12 2026 08:58:16 GMT+0700 (Indochina Time),Thu Mar 12 2026 08:58:16 GMT+0700 (Indochina Time),,
213,Hoa chuối,1,,Thu Mar 12 2026 08:58:16 GMT+0700 (Indochina Time),Thu Mar 12 2026 08:58:16 GMT+0700 (Indochina Time),,
214,Rượu trắng,13,,Thu Mar 12 2026 08:58:16 GMT+0700 (Indochina Time),Thu Mar 12 2026 08:58:16 GMT+0700 (Indochina Time),,
215,Nước màu,5,,Thu Mar 12 2026 08:58:16 GMT+0700 (Indochina Time),Thu Mar 12 2026 08:58:16 GMT+0700 (Indochina Time),,
216,Sốt Lẩu Thái (Tom Yum),5,,Thu Mar 12 2026 08:58:16 GMT+0700 (Indochina Time),Thu Mar 12 2026 08:58:16 GMT+0700 (Indochina Time),,
217,Nấm kim châm,11,,Thu Mar 12 2026 08:58:16 GMT+0700 (Indochina Time),Thu Mar 12 2026 08:58:16 GMT+0700 (Indochina Time),,
218,Rau nhút,1,,Thu Mar 12 2026 08:58:16 GMT+0700 (Indochina Time),Thu Mar 12 2026 08:58:16 GMT+0700 (Indochina Time),,
219,Cá viên/Tôm viên,13,,Thu Mar 12 2026 08:58:16 GMT+0700 (Indochina Time),Thu Mar 12 2026 08:58:16 GMT+0700 (Indochina Time),,
220,Lá chanh Thái,1,,Thu Mar 12 2026 08:58:16 GMT+0700 (Indochina Time),Thu Mar 12 2026 08:58:16 GMT+0700 (Indochina Time),,
221,Bún bò Huế,6,,Thu Mar 12 2026 08:58:16 GMT+0700 (Indochina Time),Thu Mar 12 2026 08:58:16 GMT+0700 (Indochina Time),,
222,Bắp bò,2,,Thu Mar 12 2026 08:58:16 GMT+0700 (Indochina Time),Thu Mar 12 2026 08:58:16 GMT+0700 (Indochina Time),,
223,Chả cua Huế,13,,Thu Mar 12 2026 08:58:16 GMT+0700 (Indochina Time),Thu Mar 12 2026 08:58:16 GMT+0700 (Indochina Time),,
224,Lạp xưởng,13,,Thu Mar 12 2026 08:58:16 GMT+0700 (Indochina Time),Thu Mar 12 2026 08:58:16 GMT+0700 (Indochina Time),,
225,Chà bông (Ruốc thịt),13,,Thu Mar 12 2026 08:58:16 GMT+0700 (Indochina Time),Thu Mar 12 2026 08:58:16 GMT+0700 (Indochina Time),,
226,Mỡ gà,2,,Thu Mar 12 2026 08:58:16 GMT+0700 (Indochina Time),Thu Mar 12 2026 08:58:16 GMT+0700 (Indochina Time),,
227,Đường thốt nốt,5,,Thu Mar 12 2026 08:58:16 GMT+0700 (Indochina Time),Thu Mar 12 2026 08:58:16 GMT+0700 (Indochina Time),,
228,Củ nén (Hành tăm),5,,Thu Mar 12 2026 08:58:16 GMT+0700 (Indochina Time),Thu Mar 12 2026 08:58:16 GMT+0700 (Indochina Time),,
229,Dầu phộng,7,,Thu Mar 12 2026 08:58:16 GMT+0700 (Indochina Time),Thu Mar 12 2026 08:58:16 GMT+0700 (Indochina Time),,
230,Bánh tráng nướng,13,,Thu Mar 12 2026 08:58:16 GMT+0700 (Indochina Time),Thu Mar 12 2026 08:58:16 GMT+0700 (Indochina Time),,
231,Dạ dày heo,2,,Thu Mar 12 2026 08:58:16 GMT+0700 (Indochina Time),Thu Mar 12 2026 08:58:16 GMT+0700 (Indochina Time),,
232,Dồi trường,2,,Thu Mar 12 2026 08:58:16 GMT+0700 (Indochina Time),Thu Mar 12 2026 08:58:16 GMT+0700 (Indochina Time),,
233,Lưỡi heo,2,,Thu Mar 12 2026 08:58:16 GMT+0700 (Indochina Time),Thu Mar 12 2026 08:58:16 GMT+0700 (Indochina Time),,
234,Ruột già,2,,Thu Mar 12 2026 08:58:16 GMT+0700 (Indochina Time),Thu Mar 12 2026 08:58:16 GMT+0700 (Indochina Time),,
235,Nem chua,13,,Thu Mar 12 2026 08:58:16 GMT+0700 (Indochina Time),Thu Mar 12 2026 08:58:16 GMT+0700 (Indochina Time),,
236,Bột nở (Baking powder),5,,Thu Mar 12 2026 08:58:16 GMT+0700 (Indochina Time),Thu Mar 12 2026 08:58:16 GMT+0700 (Indochina Time),,
237,Chả cốm,13,,Thu Mar 12 2026 08:58:16 GMT+0700 (Indochina Time),Thu Mar 12 2026 08:58:16 GMT+0700 (Indochina Time),,
238,Bún lá,6,,Thu Mar 12 2026 08:58:16 GMT+0700 (Indochina Time),Thu Mar 12 2026 08:58:16 GMT+0700 (Indochina Time),,
239,Quất,1,,Thu Mar 12 2026 08:58:16 GMT+0700 (Indochina Time),Thu Mar 12 2026 08:58:16 GMT+0700 (Indochina Time),,
240,Vừng,6,,Thu Mar 12 2026 08:58:16 GMT+0700 (Indochina Time),Thu Mar 12 2026 08:58:16 GMT+0700 (Indochina Time),,
241,Cá lăng,3,,Thu Mar 12 2026 08:58:16 GMT+0700 (Indochina Time),Thu Mar 12 2026 08:58:16 GMT+0700 (Indochina Time),,
242,Chao,5,,Thu Mar 12 2026 08:58:16 GMT+0700 (Indochina Time),Thu Mar 12 2026 08:58:16 GMT+0700 (Indochina Time),,
243,Thịt nạc vai heo,2,,Thu Mar 12 2026 08:58:16 GMT+0700 (Indochina Time),Thu Mar 12 2026 08:58:16 GMT+0700 (Indochina Time),,
244,Sợi cao lầu,6,,Thu Mar 12 2026 08:58:16 GMT+0700 (Indochina Time),Thu Mar 12 2026 08:58:16 GMT+0700 (Indochina Time),,
245,Rau đắng,1,,Thu Mar 12 2026 08:58:16 GMT+0700 (Indochina Time),Thu Mar 12 2026 08:58:16 GMT+0700 (Indochina Time),,
246,Ram khô,13,,Thu Mar 12 2026 08:58:16 GMT+0700 (Indochina Time),Thu Mar 12 2026 08:58:16 GMT+0700 (Indochina Time),,
247,Giò sống,2,,Thu Mar 12 2026 08:58:16 GMT+0700 (Indochina Time),Thu Mar 12 2026 08:58:16 GMT+0700 (Indochina Time),,
248,Xoài xanh,1,,Thu Mar 12 2026 08:58:16 GMT+0700 (Indochina Time),Thu Mar 12 2026 08:58:16 GMT+0700 (Indochina Time),,
249,Khế chua,1,,Thu Mar 12 2026 08:58:16 GMT+0700 (Indochina Time),Thu Mar 12 2026 08:58:16 GMT+0700 (Indochina Time),,
250,Bánh canh,6,,Thu Mar 12 2026 08:58:16 GMT+0700 (Indochina Time),Thu Mar 12 2026 08:58:16 GMT+0700 (Indochina Time),,
251,Mực khô,3,,Thu Mar 12 2026 08:58:16 GMT+0700 (Indochina Time),Thu Mar 12 2026 08:58:16 GMT+0700 (Indochina Time),,
252,Bò viên,1,,Thu Mar 12 2026 08:58:16 GMT+0700 (Indochina Time),Thu Mar 12 2026 08:58:16 GMT+0700 (Indochina Time),,
253,Cá kèo,3,,Thu Mar 12 2026 08:58:16 GMT+0700 (Indochina Time),Thu Mar 12 2026 08:58:16 GMT+0700 (Indochina Time),,
254,Lá giang,1,,Thu Mar 12 2026 08:58:16 GMT+0700 (Indochina Time),Thu Mar 12 2026 08:58:16 GMT+0700 (Indochina Time),,
255,Kèo nèo,1,,Thu Mar 12 2026 08:58:16 GMT+0700 (Indochina Time),Thu Mar 12 2026 08:58:16 GMT+0700 (Indochina Time),,
256,Trứng vịt,9,,Thu Mar 12 2026 08:58:16 GMT+0700 (Indochina Time),Thu Mar 12 2026 08:58:16 GMT+0700 (Indochina Time),,
257,Măng tươi,1,,Thu Mar 12 2026 08:58:16 GMT+0700 (Indochina Time),Thu Mar 12 2026 08:58:16 GMT+0700 (Indochina Time),,
258,Cùi dừa,1,,Thu Mar 12 2026 08:58:16 GMT+0700 (Indochina Time),Thu Mar 12 2026 08:58:16 GMT+0700 (Indochina Time),,
259,Bột bắp,6,,Thu Mar 12 2026 08:58:16 GMT+0700 (Indochina Time),Thu Mar 12 2026 08:58:16 GMT+0700 (Indochina Time),,
260,Mắm cá linh,5,,Thu Mar 12 2026 08:58:16 GMT+0700 (Indochina Time),Thu Mar 12 2026 08:58:16 GMT+0700 (Indochina Time),,
261,Ngải bún,1,,Thu Mar 12 2026 08:58:16 GMT+0700 (Indochina Time),Thu Mar 12 2026 08:58:16 GMT+0700 (Indochina Time),,
262,Bông điên điển,1,,Thu Mar 12 2026 08:58:16 GMT+0700 (Indochina Time),Thu Mar 12 2026 08:58:16 GMT+0700 (Indochina Time),,
263,Heo quay,2,,Thu Mar 12 2026 08:58:16 GMT+0700 (Indochina Time),Thu Mar 12 2026 08:58:16 GMT+0700 (Indochina Time),,
264,Bánh đa đỏ,6,,Thu Mar 12 2026 08:58:16 GMT+0700 (Indochina Time),Thu Mar 12 2026 08:58:16 GMT+0700 (Indochina Time),,
265,Rau cần nước,1,,Thu Mar 12 2026 08:58:16 GMT+0700 (Indochina Time),Thu Mar 12 2026 08:58:16 GMT+0700 (Indochina Time),,
266,Chả cá,3,,Thu Mar 12 2026 08:58:16 GMT+0700 (Indochina Time),Thu Mar 12 2026 08:58:16 GMT+0700 (Indochina Time),,
267,Măng khô,1,,Thu Mar 12 2026 08:58:16 GMT+0700 (Indochina Time),Thu Mar 12 2026 08:58:16 GMT+0700 (Indochina Time),,
268,Tiết vịt,2,,Thu Mar 12 2026 08:58:16 GMT+0700 (Indochina Time),Thu Mar 12 2026 08:58:16 GMT+0700 (Indochina Time),,
269,Lòng gà,2,,Thu Mar 12 2026 08:58:16 GMT+0700 (Indochina Time),Thu Mar 12 2026 08:58:16 GMT+0700 (Indochina Time),,
270,Lá chuối,1,,Thu Mar 12 2026 08:58:16 GMT+0700 (Indochina Time),Thu Mar 12 2026 08:58:16 GMT+0700 (Indochina Time),,
271,Lạt tre,14,,Thu Mar 12 2026 08:58:16 GMT+0700 (Indochina Time),Thu Mar 12 2026 08:58:16 GMT+0700 (Indochina Time),,
272,Lá cầm,1,,Thu Mar 12 2026 08:58:16 GMT+0700 (Indochina Time),Thu Mar 12 2026 08:58:16 GMT+0700 (Indochina Time),,
273,Chuối sứ,1,,Thu Mar 12 2026 08:58:16 GMT+0700 (Indochina Time),Thu Mar 12 2026 08:58:16 GMT+0700 (Indochina Time),,
274,Lá dong,1,,Thu Mar 12 2026 08:58:16 GMT+0700 (Indochina Time),Thu Mar 12 2026 08:58:16 GMT+0700 (Indochina Time),,
275,Đậu Hà Lan,1,,Thu Mar 12 2026 08:58:16 GMT+0700 (Indochina Time),Thu Mar 12 2026 08:58:16 GMT+0700 (Indochina Time),,
276,Trứng gà,9,,Thu Mar 12 2026 08:58:16 GMT+0700 (Indochina Time),Thu Mar 12 2026 08:58:16 GMT+0700 (Indochina Time),,
277,Nui,6,,Thu Mar 12 2026 08:58:16 GMT+0700 (Indochina Time),Thu Mar 12 2026 08:58:16 GMT+0700 (Indochina Time),,
278,Cải ngọt,1,,Thu Mar 12 2026 08:58:16 GMT+0700 (Indochina Time),Thu Mar 12 2026 08:58:16 GMT+0700 (Indochina Time),,
279,Bún gạo khô,6,,Thu Mar 12 2026 08:58:16 GMT+0700 (Indochina Time),Thu Mar 12 2026 08:58:16 GMT+0700 (Indochina Time),,
280,Lá é,1,,Thu Mar 12 2026 08:58:16 GMT+0700 (Indochina Time),Thu Mar 12 2026 08:58:16 GMT+0700 (Indochina Time),,
281,Măng chua,1,,Thu Mar 12 2026 08:58:16 GMT+0700 (Indochina Time),Thu Mar 12 2026 08:58:16 GMT+0700 (Indochina Time),,
282,Ớt xiêm xanh,1,,Thu Mar 12 2026 08:58:16 GMT+0700 (Indochina Time),Thu Mar 12 2026 08:58:16 GMT+0700 (Indochina Time),,
283,Nấm bào ngư,11,,Thu Mar 12 2026 08:58:16 GMT+0700 (Indochina Time),Thu Mar 12 2026 08:58:16 GMT+0700 (Indochina Time),,
284,Ba Chỉ Xông Khói,2,,Thu Mar 12 2026 08:58:16 GMT+0700 (Indochina Time),Thu Mar 12 2026 08:58:16 GMT+0700 (Indochina Time),,
285,Ba Khía,3,,Thu Mar 12 2026 08:58:16 GMT+0700 (Indochina Time),Thu Mar 12 2026 08:58:16 GMT+0700 (Indochina Time),,
286,Bánh Mì Tỏi,13,,Thu Mar 12 2026 08:58:16 GMT+0700 (Indochina Time),Thu Mar 12 2026 08:58:16 GMT+0700 (Indochina Time),,
287,Bacon,2,,Thu Mar 12 2026 08:58:16 GMT+0700 (Indochina Time),Thu Mar 12 2026 08:58:16 GMT+0700 (Indochina Time),,
288,Baking Soda,5,,Thu Mar 12 2026 08:58:16 GMT+0700 (Indochina Time),Thu Mar 12 2026 08:58:16 GMT+0700 (Indochina Time),,
289,Boa Rô,1,,Thu Mar 12 2026 08:58:16 GMT+0700 (Indochina Time),Thu Mar 12 2026 08:58:16 GMT+0700 (Indochina Time),,
290,Bao Tử,2,,Thu Mar 12 2026 08:58:16 GMT+0700 (Indochina Time),Thu Mar 12 2026 08:58:16 GMT+0700 (Indochina Time),,
291,Bao Tử Cá Basa,3,,Thu Mar 12 2026 08:58:16 GMT+0700 (Indochina Time),Thu Mar 12 2026 08:58:16 GMT+0700 (Indochina Time),,
292,Blendy Trà Matcha Sữa,13,,Thu Mar 12 2026 08:58:16 GMT+0700 (Indochina Time),Thu Mar 12 2026 08:58:16 GMT+0700 (Indochina Time),,
293,Blendy Trà Sữa Royal,13,,Thu Mar 12 2026 08:58:16 GMT+0700 (Indochina Time),Thu Mar 12 2026 08:58:16 GMT+0700 (Indochina Time),,
294,Blendy Trà Đào Hương Cam Sả,13,,Thu Mar 12 2026 08:58:16 GMT+0700 (Indochina Time),Thu Mar 12 2026 08:58:16 GMT+0700 (Indochina Time),,
295,Blendy Ổi,12,,Thu Mar 12 2026 08:58:16 GMT+0700 (Indochina Time),Thu Mar 12 2026 08:58:16 GMT+0700 (Indochina Time),,
296,Bào Ngư Hộp,3,,Thu Mar 12 2026 08:58:16 GMT+0700 (Indochina Time),Thu Mar 12 2026 08:58:16 GMT+0700 (Indochina Time),,
297,Bào Vỏ,14,,Thu Mar 12 2026 08:58:16 GMT+0700 (Indochina Time),Thu Mar 12 2026 08:58:16 GMT+0700 (Indochina Time),,
298,Bánh Hỏi,6,,Thu Mar 12 2026 08:58:16 GMT+0700 (Indochina Time),Thu Mar 12 2026 08:58:16 GMT+0700 (Indochina Time),,
299,Bánh mì sandwich,6,,Thu Mar 12 2026 08:58:16 GMT+0700 (Indochina Time),Thu Mar 12 2026 08:58:16 GMT+0700 (Indochina Time),,
300,Bánh Pía,13,,Thu Mar 12 2026 08:58:16 GMT+0700 (Indochina Time),Thu Mar 12 2026 08:58:16 GMT+0700 (Indochina Time),,
301,Bánh Rô Ti,13,,Thu Mar 12 2026 08:58:16 GMT+0700 (Indochina Time),Thu Mar 12 2026 08:58:16 GMT+0700 (Indochina Time),,
302,Bánh Xếp Kiểu Nhật Gyoza,13,,Thu Mar 12 2026 08:58:16 GMT+0700 (Indochina Time),Thu Mar 12 2026 08:58:16 GMT+0700 (Indochina Time),,
303,Bánh Đúc,6,,Thu Mar 12 2026 08:58:16 GMT+0700 (Indochina Time),Thu Mar 12 2026 08:58:16 GMT+0700 (Indochina Time),,
304,Bánh ướt,6,,Thu Mar 12 2026 08:58:16 GMT+0700 (Indochina Time),Thu Mar 12 2026 08:58:16 GMT+0700 (Indochina Time),,
305,Bê Thui,2,,Thu Mar 12 2026 08:58:16 GMT+0700 (Indochina Time),Thu Mar 12 2026 08:58:16 GMT+0700 (Indochina Time),,
306,Bì,2,,Thu Mar 12 2026 08:58:16 GMT+0700 (Indochina Time),Thu Mar 12 2026 08:58:16 GMT+0700 (Indochina Time),,
307,Bí ngòi,1,,Thu Mar 12 2026 08:58:16 GMT+0700 (Indochina Time),Thu Mar 12 2026 08:58:16 GMT+0700 (Indochina Time),,
308,Bắp Chuối Bào,1,,Thu Mar 12 2026 08:58:16 GMT+0700 (Indochina Time),Thu Mar 12 2026 08:58:16 GMT+0700 (Indochina Time),,
309,Bơ lạt,4,,Thu Mar 12 2026 08:58:16 GMT+0700 (Indochina Time),Thu Mar 12 2026 08:58:16 GMT+0700 (Indochina Time),,
310,Bưởi,12,,Thu Mar 12 2026 08:58:16 GMT+0700 (Indochina Time),Thu Mar 12 2026 08:58:16 GMT+0700 (Indochina Time),,
311,Bạch Quả,12,,Thu Mar 12 2026 08:58:16 GMT+0700 (Indochina Time),Thu Mar 12 2026 08:58:16 GMT+0700 (Indochina Time),,
312,Bầu,1,,Thu Mar 12 2026 08:58:16 GMT+0700 (Indochina Time),Thu Mar 12 2026 08:58:16 GMT+0700 (Indochina Time),,
313,Bắp Ngô,6,,Thu Mar 12 2026 08:58:16 GMT+0700 (Indochina Time),Thu Mar 12 2026 08:58:16 GMT+0700 (Indochina Time),,
314,Cà Bát,1,,Thu Mar 12 2026 08:58:16 GMT+0700 (Indochina Time),Thu Mar 12 2026 08:58:16 GMT+0700 (Indochina Time),,
315,Cà Hộp,8,,Thu Mar 12 2026 08:58:16 GMT+0700 (Indochina Time),Thu Mar 12 2026 08:58:16 GMT+0700 (Indochina Time),,
316,Cá Nục,3,,Thu Mar 12 2026 08:58:16 GMT+0700 (Indochina Time),Thu Mar 12 2026 08:58:16 GMT+0700 (Indochina Time),,
317,Cam,12,,Thu Mar 12 2026 08:58:16 GMT+0700 (Indochina Time),Thu Mar 12 2026 08:58:16 GMT+0700 (Indochina Time),,
318,Caramel,5,,Thu Mar 12 2026 08:58:16 GMT+0700 (Indochina Time),Thu Mar 12 2026 08:58:16 GMT+0700 (Indochina Time),,
319,Chả Lụa Chay,13,,Thu Mar 12 2026 08:58:16 GMT+0700 (Indochina Time),Thu Mar 12 2026 08:58:16 GMT+0700 (Indochina Time),,
320,Chem Chép,3,,Thu Mar 12 2026 08:58:16 GMT+0700 (Indochina Time),Thu Mar 12 2026 08:58:16 GMT+0700 (Indochina Time),,
321,Chim Cút,2,,Thu Mar 12 2026 08:58:16 GMT+0700 (Indochina Time),Thu Mar 12 2026 08:58:16 GMT+0700 (Indochina Time),,
322,Chuối,12,,Thu Mar 12 2026 08:58:16 GMT+0700 (Indochina Time),Thu Mar 12 2026 08:58:16 GMT+0700 (Indochina Time),,
323,Cháo Trắng,6,,Thu Mar 12 2026 08:58:16 GMT+0700 (Indochina Time),Thu Mar 12 2026 08:58:16 GMT+0700 (Indochina Time),,
324,Chân Giò,2,,Thu Mar 12 2026 08:58:16 GMT+0700 (Indochina Time),Thu Mar 12 2026 08:58:16 GMT+0700 (Indochina Time),,
325,Chân Gà Rút Xương,2,,Thu Mar 12 2026 08:58:16 GMT+0700 (Indochina Time),Thu Mar 12 2026 08:58:16 GMT+0700 (Indochina Time),,
326,Chân nấm,11,,Thu Mar 12 2026 08:58:16 GMT+0700 (Indochina Time),Thu Mar 12 2026 08:58:16 GMT+0700 (Indochina Time),,
327,Chén,14,,Thu Mar 12 2026 08:58:16 GMT+0700 (Indochina Time),Thu Mar 12 2026 08:58:16 GMT+0700 (Indochina Time),,
328,Chôm Chôm,12,,Thu Mar 12 2026 08:58:16 GMT+0700 (Indochina Time),Thu Mar 12 2026 08:58:16 GMT+0700 (Indochina Time),,
329,Chả Chay,13,,Thu Mar 12 2026 08:58:16 GMT+0700 (Indochina Time),Thu Mar 12 2026 08:58:16 GMT+0700 (Indochina Time),,
330,Chả Cá Ba Sa,13,,Thu Mar 12 2026 08:58:16 GMT+0700 (Indochina Time),Thu Mar 12 2026 08:58:16 GMT+0700 (Indochina Time),,
331,Con Trứng Cút,9,,Thu Mar 12 2026 08:58:16 GMT+0700 (Indochina Time),Thu Mar 12 2026 08:58:16 GMT+0700 (Indochina Time),,
332,Cream Cheese,4,,Thu Mar 12 2026 08:58:16 GMT+0700 (Indochina Time),Thu Mar 12 2026 08:58:16 GMT+0700 (Indochina Time),,
333,Củ Năng,1,,Thu Mar 12 2026 08:58:16 GMT+0700 (Indochina Time),Thu Mar 12 2026 08:58:16 GMT+0700 (Indochina Time),,
334,Cà chua bi,1,,Thu Mar 12 2026 08:58:16 GMT+0700 (Indochina Time),Thu Mar 12 2026 08:58:16 GMT+0700 (Indochina Time),,
335,Cà Mịn,8,,Thu Mar 12 2026 08:58:16 GMT+0700 (Indochina Time),Thu Mar 12 2026 08:58:16 GMT+0700 (Indochina Time),,
336,Cà Paste,8,,Thu Mar 12 2026 08:58:16 GMT+0700 (Indochina Time),Thu Mar 12 2026 08:58:16 GMT+0700 (Indochina Time),,
337,Cà pháo,1,,Thu Mar 12 2026 08:58:16 GMT+0700 (Indochina Time),Thu Mar 12 2026 08:58:16 GMT+0700 (Indochina Time),,
338,Cà Phê Sữa,13,,Thu Mar 12 2026 08:58:16 GMT+0700 (Indochina Time),Thu Mar 12 2026 08:58:16 GMT+0700 (Indochina Time),,
339,Cà Phê Đen,13,,Thu Mar 12 2026 08:58:16 GMT+0700 (Indochina Time),Thu Mar 12 2026 08:58:16 GMT+0700 (Indochina Time),,
340,Cá Chẽm,3,,Thu Mar 12 2026 08:58:16 GMT+0700 (Indochina Time),Thu Mar 12 2026 08:58:16 GMT+0700 (Indochina Time),,
341,Cá Chim,3,,Thu Mar 12 2026 08:58:16 GMT+0700 (Indochina Time),Thu Mar 12 2026 08:58:16 GMT+0700 (Indochina Time),,
342,Cá Chuồn,3,,Thu Mar 12 2026 08:58:16 GMT+0700 (Indochina Time),Thu Mar 12 2026 08:58:16 GMT+0700 (Indochina Time),,
343,Cá Chình,3,,Thu Mar 12 2026 08:58:16 GMT+0700 (Indochina Time),Thu Mar 12 2026 08:58:16 GMT+0700 (Indochina Time),,
344,Cá Chạch,3,,Thu Mar 12 2026 08:58:16 GMT+0700 (Indochina Time),Thu Mar 12 2026 08:58:16 GMT+0700 (Indochina Time),,
345,Cá Chẻm,3,,Thu Mar 12 2026 08:58:16 GMT+0700 (Indochina Time),Thu Mar 12 2026 08:58:16 GMT+0700 (Indochina Time),,
346,Cá Cơm,3,,Thu Mar 12 2026 08:58:16 GMT+0700 (Indochina Time),Thu Mar 12 2026 08:58:16 GMT+0700 (Indochina Time),,
347,Cá Cờ,3,,Thu Mar 12 2026 08:58:16 GMT+0700 (Indochina Time),Thu Mar 12 2026 08:58:16 GMT+0700 (Indochina Time),,
348,Cá Diêu Hồng,3,,Thu Mar 12 2026 08:58:16 GMT+0700 (Indochina Time),Thu Mar 12 2026 08:58:16 GMT+0700 (Indochina Time),,
349,Cá Dìa,3,,Thu Mar 12 2026 08:58:16 GMT+0700 (Indochina Time),Thu Mar 12 2026 08:58:16 GMT+0700 (Indochina Time),,
350,Cá Dứa,3,,Thu Mar 12 2026 08:58:16 GMT+0700 (Indochina Time),Thu Mar 12 2026 08:58:16 GMT+0700 (Indochina Time),,
351,Cá Giả,13,,Thu Mar 12 2026 08:58:16 GMT+0700 (Indochina Time),Thu Mar 12 2026 08:58:16 GMT+0700 (Indochina Time),,
352,Cá Hú,3,,Thu Mar 12 2026 08:58:16 GMT+0700 (Indochina Time),Thu Mar 12 2026 08:58:16 GMT+0700 (Indochina Time),,
353,Cá Hường Tươi,3,,Thu Mar 12 2026 08:58:16 GMT+0700 (Indochina Time),Thu Mar 12 2026 08:58:16 GMT+0700 (Indochina Time),,
354,Cá Hố Cắt Lát,3,,Thu Mar 12 2026 08:58:16 GMT+0700 (Indochina Time),Thu Mar 12 2026 08:58:16 GMT+0700 (Indochina Time),,
355,Cá Hồi,3,,Thu Mar 12 2026 08:58:16 GMT+0700 (Indochina Time),Thu Mar 12 2026 08:58:16 GMT+0700 (Indochina Time),,
356,Cá Hồng,3,,Thu Mar 12 2026 08:58:16 GMT+0700 (Indochina Time),Thu Mar 12 2026 08:58:16 GMT+0700 (Indochina Time),,
357,Cá Khoai,3,,Thu Mar 12 2026 08:58:16 GMT+0700 (Indochina Time),Thu Mar 12 2026 08:58:16 GMT+0700 (Indochina Time),,
358,Cá Lòng Tong,3,,Thu Mar 12 2026 08:58:16 GMT+0700 (Indochina Time),Thu Mar 12 2026 08:58:16 GMT+0700 (Indochina Time),,
359,Cá Lưỡi Trâu,3,,Thu Mar 12 2026 08:58:16 GMT+0700 (Indochina Time),Thu Mar 12 2026 08:58:16 GMT+0700 (Indochina Time),,
360,Cá Mòi,3,,Thu Mar 12 2026 08:58:16 GMT+0700 (Indochina Time),Thu Mar 12 2026 08:58:16 GMT+0700 (Indochina Time),,
361,Cá Mặn Chay,13,,Thu Mar 12 2026 08:58:16 GMT+0700 (Indochina Time),Thu Mar 12 2026 08:58:16 GMT+0700 (Indochina Time),,
362,Cá Nâu,3,,Thu Mar 12 2026 08:58:16 GMT+0700 (Indochina Time),Thu Mar 12 2026 08:58:16 GMT+0700 (Indochina Time),,
364,Cá Sapa,3,,Thu Mar 12 2026 08:58:16 GMT+0700 (Indochina Time),Thu Mar 12 2026 08:58:16 GMT+0700 (Indochina Time),,
365,Cá Tai Tượng,3,,Thu Mar 12 2026 08:58:16 GMT+0700 (Indochina Time),Thu Mar 12 2026 08:58:16 GMT+0700 (Indochina Time),,
366,Cá Thác Lác,3,,Thu Mar 12 2026 08:58:16 GMT+0700 (Indochina Time),Thu Mar 12 2026 08:58:16 GMT+0700 (Indochina Time),,
367,Cá Trê,3,,Thu Mar 12 2026 08:58:16 GMT+0700 (Indochina Time),Thu Mar 12 2026 08:58:16 GMT+0700 (Indochina Time),,
368,Cá Trứng,3,,Thu Mar 12 2026 08:58:16 GMT+0700 (Indochina Time),Thu Mar 12 2026 08:58:16 GMT+0700 (Indochina Time),,
369,Cá Tầm Phi Lê,3,,Thu Mar 12 2026 08:58:16 GMT+0700 (Indochina Time),Thu Mar 12 2026 08:58:16 GMT+0700 (Indochina Time),,
370,Cá Đuối,3,,Thu Mar 12 2026 08:58:16 GMT+0700 (Indochina Time),Thu Mar 12 2026 08:58:16 GMT+0700 (Indochina Time),,
371,Cá Đổng,3,,Thu Mar 12 2026 08:58:16 GMT+0700 (Indochina Time),Thu Mar 12 2026 08:58:16 GMT+0700 (Indochina Time),,
372,Cá Đục,3,,Thu Mar 12 2026 08:58:16 GMT+0700 (Indochina Time),Thu Mar 12 2026 08:58:16 GMT+0700 (Indochina Time),,
373,Câu Kỷ Tử,12,,Thu Mar 12 2026 08:58:16 GMT+0700 (Indochina Time),Thu Mar 12 2026 08:58:16 GMT+0700 (Indochina Time),,
374,Cóc Xanh,12,,Thu Mar 12 2026 08:58:16 GMT+0700 (Indochina Time),Thu Mar 12 2026 08:58:16 GMT+0700 (Indochina Time),,
375,Củ Hũ Dừa,1,,Thu Mar 12 2026 08:58:16 GMT+0700 (Indochina Time),Thu Mar 12 2026 08:58:16 GMT+0700 (Indochina Time),,
376,Cơm,6,,Thu Mar 12 2026 08:58:16 GMT+0700 (Indochina Time),Thu Mar 12 2026 08:58:16 GMT+0700 (Indochina Time),,
377,Cơm Cháy,13,,Thu Mar 12 2026 08:58:16 GMT+0700 (Indochina Time),Thu Mar 12 2026 08:58:16 GMT+0700 (Indochina Time),,
378,Cơm Mẻ,5,,Thu Mar 12 2026 08:58:16 GMT+0700 (Indochina Time),Thu Mar 12 2026 08:58:16 GMT+0700 (Indochina Time),,
379,Cơm Rượu,13,,Thu Mar 12 2026 08:58:16 GMT+0700 (Indochina Time),Thu Mar 12 2026 08:58:16 GMT+0700 (Indochina Time),,
380,Cơm Tấm,6,,Thu Mar 12 2026 08:58:16 GMT+0700 (Indochina Time),Thu Mar 12 2026 08:58:16 GMT+0700 (Indochina Time),,
381,Cải,1,,Thu Mar 12 2026 08:58:16 GMT+0700 (Indochina Time),Thu Mar 12 2026 08:58:16 GMT+0700 (Indochina Time),,
382,Cải Chua,13,,Thu Mar 12 2026 08:58:16 GMT+0700 (Indochina Time),Thu Mar 12 2026 08:58:16 GMT+0700 (Indochina Time),,
383,Cải Con Xanh,1,,Thu Mar 12 2026 08:58:16 GMT+0700 (Indochina Time),Thu Mar 12 2026 08:58:16 GMT+0700 (Indochina Time),,
384,Cải Cầu Vồng,1,,Thu Mar 12 2026 08:58:16 GMT+0700 (Indochina Time),Thu Mar 12 2026 08:58:16 GMT+0700 (Indochina Time),,
385,Cải Kale,1,,Thu Mar 12 2026 08:58:16 GMT+0700 (Indochina Time),Thu Mar 12 2026 08:58:16 GMT+0700 (Indochina Time),,
386,Cải Làn,1,,Thu Mar 12 2026 08:58:16 GMT+0700 (Indochina Time),Thu Mar 12 2026 08:58:16 GMT+0700 (Indochina Time),,
387,Cải Mầm,1,,Thu Mar 12 2026 08:58:16 GMT+0700 (Indochina Time),Thu Mar 12 2026 08:58:16 GMT+0700 (Indochina Time),,
388,Cải Ngồng,1,,Thu Mar 12 2026 08:58:16 GMT+0700 (Indochina Time),Thu Mar 12 2026 08:58:16 GMT+0700 (Indochina Time),,
389,Cải Nầm,1,,Thu Mar 12 2026 08:58:16 GMT+0700 (Indochina Time),Thu Mar 12 2026 08:58:16 GMT+0700 (Indochina Time),,
390,Cải Rổ,1,,Thu Mar 12 2026 08:58:16 GMT+0700 (Indochina Time),Thu Mar 12 2026 08:58:16 GMT+0700 (Indochina Time),,
391,Cải Trắng,1,,Thu Mar 12 2026 08:58:16 GMT+0700 (Indochina Time),Thu Mar 12 2026 08:58:16 GMT+0700 (Indochina Time),,
392,Cải Xanh,1,,Thu Mar 12 2026 08:58:16 GMT+0700 (Indochina Time),Thu Mar 12 2026 08:58:16 GMT+0700 (Indochina Time),,
393,Cải Xoong,1,,Thu Mar 12 2026 08:58:16 GMT+0700 (Indochina Time),Thu Mar 12 2026 08:58:16 GMT+0700 (Indochina Time),,
394,Cải Xoăn,1,,Thu Mar 12 2026 08:58:16 GMT+0700 (Indochina Time),Thu Mar 12 2026 08:58:16 GMT+0700 (Indochina Time),,
395,Cần Ta,1,,Thu Mar 12 2026 08:58:16 GMT+0700 (Indochina Time),Thu Mar 12 2026 08:58:16 GMT+0700 (Indochina Time),,
396,Cọ Phết Dầu,14,,Thu Mar 12 2026 08:58:16 GMT+0700 (Indochina Time),Thu Mar 12 2026 08:58:16 GMT+0700 (Indochina Time),,
397,Cỏ Xạ Hương,5,,Thu Mar 12 2026 08:58:16 GMT+0700 (Indochina Time),Thu Mar 12 2026 08:58:16 GMT+0700 (Indochina Time),,
398,Cốm,6,,Thu Mar 12 2026 08:58:16 GMT+0700 (Indochina Time),Thu Mar 12 2026 08:58:16 GMT+0700 (Indochina Time),,
399,Cốt Dừa,12,,Thu Mar 12 2026 08:58:16 GMT+0700 (Indochina Time),Thu Mar 12 2026 08:58:16 GMT+0700 (Indochina Time),,
400,Cồi Sò Điệp,3,,Thu Mar 12 2026 08:58:16 GMT+0700 (Indochina Time),Thu Mar 12 2026 08:58:16 GMT+0700 (Indochina Time),,
401,Củ Cải,1,,Thu Mar 12 2026 08:58:16 GMT+0700 (Indochina Time),Thu Mar 12 2026 08:58:16 GMT+0700 (Indochina Time),,
402,Củ Dền,1,,Thu Mar 12 2026 08:58:16 GMT+0700 (Indochina Time),Thu Mar 12 2026 08:58:16 GMT+0700 (Indochina Time),,
404,Củ Kiệu,1,,Thu Mar 12 2026 08:58:16 GMT+0700 (Indochina Time),Thu Mar 12 2026 08:58:16 GMT+0700 (Indochina Time),,
405,Củ Nghệ Tươi,5,,Thu Mar 12 2026 08:58:16 GMT+0700 (Indochina Time),Thu Mar 12 2026 08:58:16 GMT+0700 (Indochina Time),,
407,Củ Radish,1,,Thu Mar 12 2026 08:58:16 GMT+0700 (Indochina Time),Thu Mar 12 2026 08:58:16 GMT+0700 (Indochina Time),,
408,Củ Riềng,5,,Thu Mar 12 2026 08:58:16 GMT+0700 (Indochina Time),Thu Mar 12 2026 08:58:16 GMT+0700 (Indochina Time),,
409,Củ Sen,1,,Thu Mar 12 2026 08:58:16 GMT+0700 (Indochina Time),Thu Mar 12 2026 08:58:16 GMT+0700 (Indochina Time),,
410,Củ Sắn,1,,Thu Mar 12 2026 08:58:16 GMT+0700 (Indochina Time),Thu Mar 12 2026 08:58:16 GMT+0700 (Indochina Time),,
411,Diếp Cá,1,,Thu Mar 12 2026 08:58:16 GMT+0700 (Indochina Time),Thu Mar 12 2026 08:58:16 GMT+0700 (Indochina Time),,
412,Dầu Oliu,7,,Thu Mar 12 2026 08:58:16 GMT+0700 (Indochina Time),Thu Mar 12 2026 08:58:16 GMT+0700 (Indochina Time),,
413,Dầu Ăn,7,,Thu Mar 12 2026 08:58:16 GMT+0700 (Indochina Time),Thu Mar 12 2026 08:58:16 GMT+0700 (Indochina Time),,
414,Dầu Điều,7,,Thu Mar 12 2026 08:58:16 GMT+0700 (Indochina Time),Thu Mar 12 2026 08:58:16 GMT+0700 (Indochina Time),,
415,Dâu Tây,12,,Thu Mar 12 2026 08:58:16 GMT+0700 (Indochina Time),Thu Mar 12 2026 08:58:16 GMT+0700 (Indochina Time),,
416,Dưa Chua,13,,Thu Mar 12 2026 08:58:16 GMT+0700 (Indochina Time),Thu Mar 12 2026 08:58:16 GMT+0700 (Indochina Time),,
417,Dưa Cải,13,,Thu Mar 12 2026 08:58:16 GMT+0700 (Indochina Time),Thu Mar 12 2026 08:58:16 GMT+0700 (Indochina Time),,
418,Dưa Góp,13,,Thu Mar 12 2026 08:58:16 GMT+0700 (Indochina Time),Thu Mar 12 2026 08:58:16 GMT+0700 (Indochina Time),,
419,Dưa Gừng,13,,Thu Mar 12 2026 08:58:16 GMT+0700 (Indochina Time),Thu Mar 12 2026 08:58:16 GMT+0700 (Indochina Time),,
420,Dưa Hường,12,,Thu Mar 12 2026 08:58:16 GMT+0700 (Indochina Time),Thu Mar 12 2026 08:58:16 GMT+0700 (Indochina Time),,
421,Dưa Hấu,12,,Thu Mar 12 2026 08:58:16 GMT+0700 (Indochina Time),Thu Mar 12 2026 08:58:16 GMT+0700 (Indochina Time),,
422,Dưa Keo,12,,Thu Mar 12 2026 08:58:16 GMT+0700 (Indochina Time),Thu Mar 12 2026 08:58:16 GMT+0700 (Indochina Time),,
423,Dưa Lê Xanh,12,,Thu Mar 12 2026 08:58:16 GMT+0700 (Indochina Time),Thu Mar 12 2026 08:58:16 GMT+0700 (Indochina Time),,
424,Dưa Lưới,12,,Thu Mar 12 2026 08:58:16 GMT+0700 (Indochina Time),Thu Mar 12 2026 08:58:16 GMT+0700 (Indochina Time),,
425,Dầu Hướng Dương,7,,Thu Mar 12 2026 08:58:16 GMT+0700 (Indochina Time),Thu Mar 12 2026 08:58:16 GMT+0700 (Indochina Time),,
426,Dầu Hẹ,7,,Thu Mar 12 2026 08:58:16 GMT+0700 (Indochina Time),Thu Mar 12 2026 08:58:16 GMT+0700 (Indochina Time),,
427,Dầu Salad,7,,Thu Mar 12 2026 08:58:16 GMT+0700 (Indochina Time),Thu Mar 12 2026 08:58:16 GMT+0700 (Indochina Time),,
428,Dầu Đậu Phộng,7,,Thu Mar 12 2026 08:58:16 GMT+0700 (Indochina Time),Thu Mar 12 2026 08:58:16 GMT+0700 (Indochina Time),,
429,Dầu Ớt,8,,Thu Mar 12 2026 08:58:16 GMT+0700 (Indochina Time),Thu Mar 12 2026 08:58:16 GMT+0700 (Indochina Time),,
430,Dọc Mùng,1,,Thu Mar 12 2026 08:58:16 GMT+0700 (Indochina Time),Thu Mar 12 2026 08:58:16 GMT+0700 (Indochina Time),,
431,Dừa,12,,Thu Mar 12 2026 08:58:16 GMT+0700 (Indochina Time),Thu Mar 12 2026 08:58:16 GMT+0700 (Indochina Time),,
432,Escarol Sợi,1,,Thu Mar 12 2026 08:58:16 GMT+0700 (Indochina Time),Thu Mar 12 2026 08:58:16 GMT+0700 (Indochina Time),,
433,Fizze,13,,Thu Mar 12 2026 08:58:16 GMT+0700 (Indochina Time),Thu Mar 12 2026 08:58:16 GMT+0700 (Indochina Time),,
434,Gia Vị Phở Chay,5,,Thu Mar 12 2026 08:58:16 GMT+0700 (Indochina Time),Thu Mar 12 2026 08:58:16 GMT+0700 (Indochina Time),,
435,Giò Lụa,2,,Thu Mar 12 2026 08:58:16 GMT+0700 (Indochina Time),Thu Mar 12 2026 08:58:16 GMT+0700 (Indochina Time),,
436,Giò Nạc,2,,Thu Mar 12 2026 08:58:16 GMT+0700 (Indochina Time),Thu Mar 12 2026 08:58:16 GMT+0700 (Indochina Time),,
437,Giò Sống Chay,13,,Thu Mar 12 2026 08:58:16 GMT+0700 (Indochina Time),Thu Mar 12 2026 08:58:16 GMT+0700 (Indochina Time),,
438,Giò Thủ,2,,Thu Mar 12 2026 08:58:16 GMT+0700 (Indochina Time),Thu Mar 12 2026 08:58:16 GMT+0700 (Indochina Time),,
439,Gỏi Cuốn Tôm Chiên,13,,Thu Mar 12 2026 08:58:16 GMT+0700 (Indochina Time),Thu Mar 12 2026 08:58:16 GMT+0700 (Indochina Time),,
440,Bột Gelatine,5,,Thu Mar 12 2026 08:58:16 GMT+0700 (Indochina Time),Thu Mar 12 2026 08:58:16 GMT+0700 (Indochina Time),,
441,Ham Chay,13,,Thu Mar 12 2026 08:58:16 GMT+0700 (Indochina Time),Thu Mar 12 2026 08:58:16 GMT+0700 (Indochina Time),,
442,Ham Lát,2,,Thu Mar 12 2026 08:58:16 GMT+0700 (Indochina Time),Thu Mar 12 2026 08:58:16 GMT+0700 (Indochina Time),,
443,Hoa Atiso,1,,Thu Mar 12 2026 08:58:16 GMT+0700 (Indochina Time),Thu Mar 12 2026 08:58:16 GMT+0700 (Indochina Time),,
444,Hoa Cải Ngồng,1,,Thu Mar 12 2026 08:58:16 GMT+0700 (Indochina Time),Thu Mar 12 2026 08:58:16 GMT+0700 (Indochina Time),,
445,Hoa Kim Châm,11,,Thu Mar 12 2026 08:58:16 GMT+0700 (Indochina Time),Thu Mar 12 2026 08:58:16 GMT+0700 (Indochina Time),,
446,Hoa Sen,1,,Thu Mar 12 2026 08:58:16 GMT+0700 (Indochina Time),Thu Mar 12 2026 08:58:16 GMT+0700 (Indochina Time),,
447,Hoa Súng,1,,Thu Mar 12 2026 08:58:16 GMT+0700 (Indochina Time),Thu Mar 12 2026 08:58:16 GMT+0700 (Indochina Time),,
448,Hoa Thiên Lý,1,,Thu Mar 12 2026 08:58:16 GMT+0700 (Indochina Time),Thu Mar 12 2026 08:58:16 GMT+0700 (Indochina Time),,
449,Hoa Trang Trí Bánh,14,,Thu Mar 12 2026 08:58:16 GMT+0700 (Indochina Time),Thu Mar 12 2026 08:58:16 GMT+0700 (Indochina Time),,
450,Húng Lủi,1,,Thu Mar 12 2026 08:58:16 GMT+0700 (Indochina Time),Thu Mar 12 2026 08:58:16 GMT+0700 (Indochina Time),,
451,Húng Tây,1,,Thu Mar 12 2026 08:58:16 GMT+0700 (Indochina Time),Thu Mar 12 2026 08:58:16 GMT+0700 (Indochina Time),,
452,Hương Thảo,5,,Thu Mar 12 2026 08:58:16 GMT+0700 (Indochina Time),Thu Mar 12 2026 08:58:16 GMT+0700 (Indochina Time),,
453,Hạnh Nhân,10,,Thu Mar 12 2026 08:58:16 GMT+0700 (Indochina Time),Thu Mar 12 2026 08:58:16 GMT+0700 (Indochina Time),,
454,Hạt Chia,6,,Thu Mar 12 2026 08:58:16 GMT+0700 (Indochina Time),Thu Mar 12 2026 08:58:16 GMT+0700 (Indochina Time),,
455,Hạt Dưa,12,,Thu Mar 12 2026 08:58:16 GMT+0700 (Indochina Time),Thu Mar 12 2026 08:58:16 GMT+0700 (Indochina Time),,
456,Hạt Dẻ Cười Tách Vỏ,10,,Thu Mar 12 2026 08:58:16 GMT+0700 (Indochina Time),Thu Mar 12 2026 08:58:16 GMT+0700 (Indochina Time),,
457,Hạt Dẻ,10,,Thu Mar 12 2026 08:58:16 GMT+0700 (Indochina Time),Thu Mar 12 2026 08:58:16 GMT+0700 (Indochina Time),,
458,Hạt Mù Tạt,5,,Thu Mar 12 2026 08:58:16 GMT+0700 (Indochina Time),Thu Mar 12 2026 08:58:16 GMT+0700 (Indochina Time),,
459,Hạt Mắc Khén,5,,Thu Mar 12 2026 08:58:16 GMT+0700 (Indochina Time),Thu Mar 12 2026 08:58:16 GMT+0700 (Indochina Time),,
460,Hạt Ngò Tươi,5,,Thu Mar 12 2026 08:58:16 GMT+0700 (Indochina Time),Thu Mar 12 2026 08:58:16 GMT+0700 (Indochina Time),,
461,Hạt Quinoa,6,,Thu Mar 12 2026 08:58:16 GMT+0700 (Indochina Time),Thu Mar 12 2026 08:58:16 GMT+0700 (Indochina Time),,
462,Hạt Sen,1,,Thu Mar 12 2026 08:58:16 GMT+0700 (Indochina Time),Thu Mar 12 2026 08:58:16 GMT+0700 (Indochina Time),,
463,Hạt Thông Rang,10,,Thu Mar 12 2026 08:58:16 GMT+0700 (Indochina Time),Thu Mar 12 2026 08:58:16 GMT+0700 (Indochina Time),,
464,Hạt Óc Chó,10,,Thu Mar 12 2026 08:58:16 GMT+0700 (Indochina Time),Thu Mar 12 2026 08:58:16 GMT+0700 (Indochina Time),,
465,Hạt Điều,10,,Thu Mar 12 2026 08:58:16 GMT+0700 (Indochina Time),Thu Mar 12 2026 08:58:16 GMT+0700 (Indochina Time),,
466,Hải Sâm,3,,Thu Mar 12 2026 08:58:16 GMT+0700 (Indochina Time),Thu Mar 12 2026 08:58:16 GMT+0700 (Indochina Time),,
467,Hải Sâm Chay,13,,Thu Mar 12 2026 08:58:16 GMT+0700 (Indochina Time),Thu Mar 12 2026 08:58:16 GMT+0700 (Indochina Time),,
468,Hắc Xì Dầu,8,,Thu Mar 12 2026 08:58:16 GMT+0700 (Indochina Time),Thu Mar 12 2026 08:58:16 GMT+0700 (Indochina Time),,
469,Hến Thịt,3,,Thu Mar 12 2026 08:58:16 GMT+0700 (Indochina Time),Thu Mar 12 2026 08:58:16 GMT+0700 (Indochina Time),,
470,Hồng Sâm,14,,Thu Mar 12 2026 08:58:16 GMT+0700 (Indochina Time),Thu Mar 12 2026 08:58:16 GMT+0700 (Indochina Time),,
471,Kem Béo,4,,Thu Mar 12 2026 08:58:16 GMT+0700 (Indochina Time),Thu Mar 12 2026 08:58:16 GMT+0700 (Indochina Time),,
472,Kem Dừa Vani,13,,Thu Mar 12 2026 08:58:16 GMT+0700 (Indochina Time),Thu Mar 12 2026 08:58:16 GMT+0700 (Indochina Time),,
473,Kem Làm Bánh,4,,Thu Mar 12 2026 08:58:16 GMT+0700 (Indochina Time),Thu Mar 12 2026 08:58:16 GMT+0700 (Indochina Time),,
474,Kem Sữa,4,,Thu Mar 12 2026 08:58:16 GMT+0700 (Indochina Time),Thu Mar 12 2026 08:58:16 GMT+0700 (Indochina Time),,
475,Kho Quẹt,8,,Thu Mar 12 2026 08:58:16 GMT+0700 (Indochina Time),Thu Mar 12 2026 08:58:16 GMT+0700 (Indochina Time),,
476,Khoai Cao,1,,Thu Mar 12 2026 08:58:16 GMT+0700 (Indochina Time),Thu Mar 12 2026 08:58:16 GMT+0700 (Indochina Time),,
477,Khoai Mì,1,,Thu Mar 12 2026 08:58:16 GMT+0700 (Indochina Time),Thu Mar 12 2026 08:58:16 GMT+0700 (Indochina Time),,
478,Khoai Mỡ,1,,Thu Mar 12 2026 08:58:16 GMT+0700 (Indochina Time),Thu Mar 12 2026 08:58:16 GMT+0700 (Indochina Time),,
479,Khoai Sọ,1,,Thu Mar 12 2026 08:58:16 GMT+0700 (Indochina Time),Thu Mar 12 2026 08:58:16 GMT+0700 (Indochina Time),,
480,Khô Cá Cơm,3,,Thu Mar 12 2026 08:58:16 GMT+0700 (Indochina Time),Thu Mar 12 2026 08:58:16 GMT+0700 (Indochina Time),,
481,Khô Cá Lóc,3,,Thu Mar 12 2026 08:58:16 GMT+0700 (Indochina Time),Thu Mar 12 2026 08:58:16 GMT+0700 (Indochina Time),,
482,Khô Cá Sặc,3,,Thu Mar 12 2026 08:58:16 GMT+0700 (Indochina Time),Thu Mar 12 2026 08:58:16 GMT+0700 (Indochina Time),,
483,Khô Cá Sửu,3,,Thu Mar 12 2026 08:58:16 GMT+0700 (Indochina Time),Thu Mar 12 2026 08:58:16 GMT+0700 (Indochina Time),,
484,Khô Mực,3,,Thu Mar 12 2026 08:58:16 GMT+0700 (Indochina Time),Thu Mar 12 2026 08:58:16 GMT+0700 (Indochina Time),,
485,Khổ Qua Xanh,1,,Thu Mar 12 2026 08:58:16 GMT+0700 (Indochina Time),Thu Mar 12 2026 08:58:16 GMT+0700 (Indochina Time),,
486,Kim Chi,13,,Thu Mar 12 2026 08:58:16 GMT+0700 (Indochina Time),Thu Mar 12 2026 08:58:16 GMT+0700 (Indochina Time),,
487,Kiwi,12,,Thu Mar 12 2026 08:58:16 GMT+0700 (Indochina Time),Thu Mar 12 2026 08:58:16 GMT+0700 (Indochina Time),,
488,Konnyaku Nâu,13,,Thu Mar 12 2026 08:58:16 GMT+0700 (Indochina Time),Thu Mar 12 2026 08:58:16 GMT+0700 (Indochina Time),,
489,Kẹo Cốm,13,,Thu Mar 12 2026 08:58:16 GMT+0700 (Indochina Time),Thu Mar 12 2026 08:58:16 GMT+0700 (Indochina Time),,
490,Kẹo Đậu Phộng,13,,Thu Mar 12 2026 08:58:16 GMT+0700 (Indochina Time),Thu Mar 12 2026 08:58:16 GMT+0700 (Indochina Time),,
491,Kỉ Tử,12,,Thu Mar 12 2026 08:58:16 GMT+0700 (Indochina Time),Thu Mar 12 2026 08:58:16 GMT+0700 (Indochina Time),,
492,Lá Mơ,1,,Thu Mar 12 2026 08:58:16 GMT+0700 (Indochina Time),Thu Mar 12 2026 08:58:16 GMT+0700 (Indochina Time),,
493,Linh Chi Nâu,11,,Thu Mar 12 2026 08:58:16 GMT+0700 (Indochina Time),Thu Mar 12 2026 08:58:16 GMT+0700 (Indochina Time),,
494,Lá Basil Khô,5,,Thu Mar 12 2026 08:58:16 GMT+0700 (Indochina Time),Thu Mar 12 2026 08:58:16 GMT+0700 (Indochina Time),,
495,Lá Chùm Ruột Non,1,,Thu Mar 12 2026 08:58:16 GMT+0700 (Indochina Time),Thu Mar 12 2026 08:58:16 GMT+0700 (Indochina Time),,
496,Lá Chúc,1,,Thu Mar 12 2026 08:58:16 GMT+0700 (Indochina Time),Thu Mar 12 2026 08:58:16 GMT+0700 (Indochina Time),,
497,Lá Cà Ri,5,,Thu Mar 12 2026 08:58:16 GMT+0700 (Indochina Time),Thu Mar 12 2026 08:58:16 GMT+0700 (Indochina Time),,
498,Lá Cách,1,,Thu Mar 12 2026 08:58:16 GMT+0700 (Indochina Time),Thu Mar 12 2026 08:58:16 GMT+0700 (Indochina Time),,
499,Lá Cóc,1,,Thu Mar 12 2026 08:58:16 GMT+0700 (Indochina Time),Thu Mar 12 2026 08:58:16 GMT+0700 (Indochina Time),,
500,Lá Cải Xanh,1,,Thu Mar 12 2026 08:58:16 GMT+0700 (Indochina Time),Thu Mar 12 2026 08:58:16 GMT+0700 (Indochina Time),,
501,Lá Cần Tàu,1,,Thu Mar 12 2026 08:58:16 GMT+0700 (Indochina Time),Thu Mar 12 2026 08:58:16 GMT+0700 (Indochina Time),,
502,Lá Cọ,1,,Thu Mar 12 2026 08:58:16 GMT+0700 (Indochina Time),Thu Mar 12 2026 08:58:16 GMT+0700 (Indochina Time),,
503,Lá Dứa,1,,Thu Mar 12 2026 08:58:16 GMT+0700 (Indochina Time),Thu Mar 12 2026 08:58:16 GMT+0700 (Indochina Time),,
504,Lá Giang,1,,Thu Mar 12 2026 08:58:16 GMT+0700 (Indochina Time),Thu Mar 12 2026 08:58:16 GMT+0700 (Indochina Time),,
505,Lá Gừng,1,,Thu Mar 12 2026 08:58:16 GMT+0700 (Indochina Time),Thu Mar 12 2026 08:58:16 GMT+0700 (Indochina Time),,
506,Lá Hoành Thánh,6,,Thu Mar 12 2026 08:58:16 GMT+0700 (Indochina Time),Thu Mar 12 2026 08:58:16 GMT+0700 (Indochina Time),,
507,Lá Hương Thảo,5,,Thu Mar 12 2026 08:58:16 GMT+0700 (Indochina Time),Thu Mar 12 2026 08:58:16 GMT+0700 (Indochina Time),,
508,Lá Me Đất,1,,Thu Mar 12 2026 08:58:16 GMT+0700 (Indochina Time),Thu Mar 12 2026 08:58:16 GMT+0700 (Indochina Time),,
509,Lá Quế,5,,Thu Mar 12 2026 08:58:16 GMT+0700 (Indochina Time),Thu Mar 12 2026 08:58:16 GMT+0700 (Indochina Time),,
510,Lá Sen,1,,Thu Mar 12 2026 08:58:16 GMT+0700 (Indochina Time),Thu Mar 12 2026 08:58:16 GMT+0700 (Indochina Time),,
511,Lá Sả Tươi,5,,Thu Mar 12 2026 08:58:16 GMT+0700 (Indochina Time),Thu Mar 12 2026 08:58:16 GMT+0700 (Indochina Time),,
512,Lá Thyme Tươi,5,,Thu Mar 12 2026 08:58:16 GMT+0700 (Indochina Time),Thu Mar 12 2026 08:58:16 GMT+0700 (Indochina Time),,
513,Lá Trà Xanh,5,,Thu Mar 12 2026 08:58:16 GMT+0700 (Indochina Time),Thu Mar 12 2026 08:58:16 GMT+0700 (Indochina Time),,
514,Lá Tàu Hũ,10,,Thu Mar 12 2026 08:58:16 GMT+0700 (Indochina Time),Thu Mar 12 2026 08:58:16 GMT+0700 (Indochina Time),,
515,Lá Tía Tô,1,,Thu Mar 12 2026 08:58:16 GMT+0700 (Indochina Time),Thu Mar 12 2026 08:58:16 GMT+0700 (Indochina Time),,
516,Lá Ớt,1,,Thu Mar 12 2026 08:58:16 GMT+0700 (Indochina Time),Thu Mar 12 2026 08:58:16 GMT+0700 (Indochina Time),,
517,Lê,12,,Thu Mar 12 2026 08:58:16 GMT+0700 (Indochina Time),Thu Mar 12 2026 08:58:16 GMT+0700 (Indochina Time),,
518,Lòng Non,2,,Thu Mar 12 2026 08:58:16 GMT+0700 (Indochina Time),Thu Mar 12 2026 08:58:16 GMT+0700 (Indochina Time),,
519,Lòng Trắng Trứng,9,,Thu Mar 12 2026 08:58:16 GMT+0700 (Indochina Time),Thu Mar 12 2026 08:58:16 GMT+0700 (Indochina Time),,
520,Lòng Vịt,2,,Thu Mar 12 2026 08:58:16 GMT+0700 (Indochina Time),Thu Mar 12 2026 08:58:16 GMT+0700 (Indochina Time),,
521,Lòng Đỏ Trứng,9,,Thu Mar 12 2026 08:58:16 GMT+0700 (Indochina Time),Thu Mar 12 2026 08:58:16 GMT+0700 (Indochina Time),,
522,Lõi Sả,5,,Thu Mar 12 2026 08:58:16 GMT+0700 (Indochina Time),Thu Mar 12 2026 08:58:16 GMT+0700 (Indochina Time),,
523,Lươn,3,,Thu Mar 12 2026 08:58:16 GMT+0700 (Indochina Time),Thu Mar 12 2026 08:58:16 GMT+0700 (Indochina Time),,
524,Lạc Rang,10,,Thu Mar 12 2026 08:58:16 GMT+0700 (Indochina Time),Thu Mar 12 2026 08:58:16 GMT+0700 (Indochina Time),,
525,Mè Rang,6,,Thu Mar 12 2026 08:58:16 GMT+0700 (Indochina Time),Thu Mar 12 2026 08:58:16 GMT+0700 (Indochina Time),,
526,Mù Tạt,5,,Thu Mar 12 2026 08:58:16 GMT+0700 (Indochina Time),Thu Mar 12 2026 08:58:16 GMT+0700 (Indochina Time),,
527,Muối Tôm,8,,Thu Mar 12 2026 08:58:16 GMT+0700 (Indochina Time),Thu Mar 12 2026 08:58:16 GMT+0700 (Indochina Time),,
528,Muối Ớt Tắc,8,,Thu Mar 12 2026 08:58:16 GMT+0700 (Indochina Time),Thu Mar 12 2026 08:58:16 GMT+0700 (Indochina Time),,
529,Màu Lá Cẩm,5,,Thu Mar 12 2026 08:58:16 GMT+0700 (Indochina Time),Thu Mar 12 2026 08:58:16 GMT+0700 (Indochina Time),,
530,Màu Nước Dành Dành,5,,Thu Mar 12 2026 08:58:16 GMT+0700 (Indochina Time),Thu Mar 12 2026 08:58:16 GMT+0700 (Indochina Time),,
531,Mì,6,,Thu Mar 12 2026 08:58:16 GMT+0700 (Indochina Time),Thu Mar 12 2026 08:58:16 GMT+0700 (Indochina Time),,
532,Mì Spaghetti,6,,Thu Mar 12 2026 08:58:16 GMT+0700 (Indochina Time),Thu Mar 12 2026 08:58:16 GMT+0700 (Indochina Time),,
533,Mì Tươi,6,,Thu Mar 12 2026 08:58:16 GMT+0700 (Indochina Time),Thu Mar 12 2026 08:58:16 GMT+0700 (Indochina Time),,
534,Mì Ý,6,,Thu Mar 12 2026 08:58:16 GMT+0700 (Indochina Time),Thu Mar 12 2026 08:58:16 GMT+0700 (Indochina Time),,
535,Mía,12,,Thu Mar 12 2026 08:58:16 GMT+0700 (Indochina Time),Thu Mar 12 2026 08:58:16 GMT+0700 (Indochina Time),,
536,Mít Non,12,,Thu Mar 12 2026 08:58:16 GMT+0700 (Indochina Time),Thu Mar 12 2026 08:58:16 GMT+0700 (Indochina Time),,
537,Măng Cụt,12,,Thu Mar 12 2026 08:58:16 GMT+0700 (Indochina Time),Thu Mar 12 2026 08:58:16 GMT+0700 (Indochina Time),,
538,Măng Củ Tươi,1,,Thu Mar 12 2026 08:58:16 GMT+0700 (Indochina Time),Thu Mar 12 2026 08:58:16 GMT+0700 (Indochina Time),,
539,Măng Le,1,,Thu Mar 12 2026 08:58:16 GMT+0700 (Indochina Time),Thu Mar 12 2026 08:58:16 GMT+0700 (Indochina Time),,
540,Măng Luộc,1,,Thu Mar 12 2026 08:58:16 GMT+0700 (Indochina Time),Thu Mar 12 2026 08:58:16 GMT+0700 (Indochina Time),,
541,Măng Lưỡi Lợn,1,,Thu Mar 12 2026 08:58:16 GMT+0700 (Indochina Time),Thu Mar 12 2026 08:58:16 GMT+0700 (Indochina Time),,
542,Măng Trúc,1,,Thu Mar 12 2026 08:58:16 GMT+0700 (Indochina Time),Thu Mar 12 2026 08:58:16 GMT+0700 (Indochina Time),,
543,Măng Tây,1,,Thu Mar 12 2026 08:58:16 GMT+0700 (Indochina Time),Thu Mar 12 2026 08:58:16 GMT+0700 (Indochina Time),,
544,Măng Vàng,1,,Thu Mar 12 2026 08:58:16 GMT+0700 (Indochina Time),Thu Mar 12 2026 08:58:16 GMT+0700 (Indochina Time),,
545,Măng Vầu,1,,Thu Mar 12 2026 08:58:16 GMT+0700 (Indochina Time),Thu Mar 12 2026 08:58:16 GMT+0700 (Indochina Time),,
546,Mũi Lợn,2,,Thu Mar 12 2026 08:58:16 GMT+0700 (Indochina Time),Thu Mar 12 2026 08:58:16 GMT+0700 (Indochina Time),,
547,Mực Lá Không Đầu,3,,Thu Mar 12 2026 08:58:16 GMT+0700 (Indochina Time),Thu Mar 12 2026 08:58:16 GMT+0700 (Indochina Time),,
548,Mướp,1,,Thu Mar 12 2026 08:58:16 GMT+0700 (Indochina Time),Thu Mar 12 2026 08:58:16 GMT+0700 (Indochina Time),,
549,Mạch Nha,5,,Thu Mar 12 2026 08:58:16 GMT+0700 (Indochina Time),Thu Mar 12 2026 08:58:16 GMT+0700 (Indochina Time),,
550,Mầm Rau Muống,1,,Thu Mar 12 2026 08:58:16 GMT+0700 (Indochina Time),Thu Mar 12 2026 08:58:16 GMT+0700 (Indochina Time),,
551,Mận,12,,Thu Mar 12 2026 08:58:16 GMT+0700 (Indochina Time),Thu Mar 12 2026 08:58:16 GMT+0700 (Indochina Time),,
552,Mật Ong,5,,Thu Mar 12 2026 08:58:16 GMT+0700 (Indochina Time),Thu Mar 12 2026 08:58:16 GMT+0700 (Indochina Time),,
553,Mắc Khén Rang,5,,Thu Mar 12 2026 08:58:16 GMT+0700 (Indochina Time),Thu Mar 12 2026 08:58:16 GMT+0700 (Indochina Time),,
554,Mắm,8,,Thu Mar 12 2026 08:58:16 GMT+0700 (Indochina Time),Thu Mar 12 2026 08:58:16 GMT+0700 (Indochina Time),,
555,Mắm Cá Lóc Ngon,8,,Thu Mar 12 2026 08:58:16 GMT+0700 (Indochina Time),Thu Mar 12 2026 08:58:16 GMT+0700 (Indochina Time),,
556,Mắm Cá Sặc,8,,Thu Mar 12 2026 08:58:16 GMT+0700 (Indochina Time),Thu Mar 12 2026 08:58:16 GMT+0700 (Indochina Time),,
557,Mắm Mặn Ớt Xắt,8,,Thu Mar 12 2026 08:58:16 GMT+0700 (Indochina Time),Thu Mar 12 2026 08:58:16 GMT+0700 (Indochina Time),,
558,Mắm Tép Chua,8,,Thu Mar 12 2026 08:58:16 GMT+0700 (Indochina Time),Thu Mar 12 2026 08:58:16 GMT+0700 (Indochina Time),,
559,Mọc,2,,Thu Mar 12 2026 08:58:16 GMT+0700 (Indochina Time),Thu Mar 12 2026 08:58:16 GMT+0700 (Indochina Time),,
560,Mỡ,7,,Thu Mar 12 2026 08:58:16 GMT+0700 (Indochina Time),Thu Mar 12 2026 08:58:16 GMT+0700 (Indochina Time),,
561,Mỡ Vịt,7,,Thu Mar 12 2026 08:58:16 GMT+0700 (Indochina Time),Thu Mar 12 2026 08:58:16 GMT+0700 (Indochina Time),,
562,Mứt Cam,13,,Thu Mar 12 2026 08:58:16 GMT+0700 (Indochina Time),Thu Mar 12 2026 08:58:16 GMT+0700 (Indochina Time),,
563,Mứt Dâu,13,,Thu Mar 12 2026 08:58:16 GMT+0700 (Indochina Time),Thu Mar 12 2026 08:58:16 GMT+0700 (Indochina Time),,
564,Mứt Trái Cây,13,,Thu Mar 12 2026 08:58:16 GMT+0700 (Indochina Time),Thu Mar 12 2026 08:58:16 GMT+0700 (Indochina Time),,
565,Nem Chua Chay,13,,Thu Mar 12 2026 08:58:16 GMT+0700 (Indochina Time),Thu Mar 12 2026 08:58:16 GMT+0700 (Indochina Time),,
567,Ngò Tây,1,,Thu Mar 12 2026 08:58:16 GMT+0700 (Indochina Time),Thu Mar 12 2026 08:58:16 GMT+0700 (Indochina Time),,
568,Nguyên Liệu Vịt Quay,13,,Thu Mar 12 2026 08:58:16 GMT+0700 (Indochina Time),Thu Mar 12 2026 08:58:16 GMT+0700 (Indochina Time),,
569,Ngó Khoai Môn,1,,Thu Mar 12 2026 08:58:16 GMT+0700 (Indochina Time),Thu Mar 12 2026 08:58:16 GMT+0700 (Indochina Time),,
570,Ngó Sen,1,,Thu Mar 12 2026 08:58:16 GMT+0700 (Indochina Time),Thu Mar 12 2026 08:58:16 GMT+0700 (Indochina Time),,
571,Ngũ Cốc Hạt,6,,Thu Mar 12 2026 08:58:16 GMT+0700 (Indochina Time),Thu Mar 12 2026 08:58:16 GMT+0700 (Indochina Time),,
572,Ngưu Bàng,1,,Thu Mar 12 2026 08:58:16 GMT+0700 (Indochina Time),Thu Mar 12 2026 08:58:16 GMT+0700 (Indochina Time),,
573,Ngọc Kê,14,,Thu Mar 12 2026 08:58:16 GMT+0700 (Indochina Time),Thu Mar 12 2026 08:58:16 GMT+0700 (Indochina Time),,
574,Ngọc Mực,3,,Thu Mar 12 2026 08:58:16 GMT+0700 (Indochina Time),Thu Mar 12 2026 08:58:16 GMT+0700 (Indochina Time),,
575,Ngồng Cải,1,,Thu Mar 12 2026 08:58:16 GMT+0700 (Indochina Time),Thu Mar 12 2026 08:58:16 GMT+0700 (Indochina Time),,
576,Nha Đam,1,,Thu Mar 12 2026 08:58:16 GMT+0700 (Indochina Time),Thu Mar 12 2026 08:58:16 GMT+0700 (Indochina Time),,
577,Nho Khô,12,,Thu Mar 12 2026 08:58:16 GMT+0700 (Indochina Time),Thu Mar 12 2026 08:58:16 GMT+0700 (Indochina Time),,
578,Nho,12,,Thu Mar 12 2026 08:58:16 GMT+0700 (Indochina Time),Thu Mar 12 2026 08:58:16 GMT+0700 (Indochina Time),,
579,Nhãn Khô,12,,Thu Mar 12 2026 08:58:16 GMT+0700 (Indochina Time),Thu Mar 12 2026 08:58:16 GMT+0700 (Indochina Time),,
580,Nhộng,14,,Thu Mar 12 2026 08:58:16 GMT+0700 (Indochina Time),Thu Mar 12 2026 08:58:16 GMT+0700 (Indochina Time),,
581,Nấm Linh Chi,11,,Thu Mar 12 2026 08:58:16 GMT+0700 (Indochina Time),Thu Mar 12 2026 08:58:16 GMT+0700 (Indochina Time),,
582,Nước Cam Vàng,12,,Thu Mar 12 2026 08:58:16 GMT+0700 (Indochina Time),Thu Mar 12 2026 08:58:16 GMT+0700 (Indochina Time),,
583,Nước Dừa,12,,Thu Mar 12 2026 08:58:16 GMT+0700 (Indochina Time),Thu Mar 12 2026 08:58:16 GMT+0700 (Indochina Time),,
584,Nước Soda,13,,Thu Mar 12 2026 08:58:16 GMT+0700 (Indochina Time),Thu Mar 12 2026 08:58:16 GMT+0700 (Indochina Time),,
585,Nước,14,,Thu Mar 12 2026 08:58:16 GMT+0700 (Indochina Time),Thu Mar 12 2026 08:58:16 GMT+0700 (Indochina Time),,
586,Nước Cam,12,,Thu Mar 12 2026 08:58:16 GMT+0700 (Indochina Time),Thu Mar 12 2026 08:58:16 GMT+0700 (Indochina Time),,
587,Nước Chao,8,,Thu Mar 12 2026 08:58:16 GMT+0700 (Indochina Time),Thu Mar 12 2026 08:58:16 GMT+0700 (Indochina Time),,
588,Nước Cốt Gừng,5,,Thu Mar 12 2026 08:58:16 GMT+0700 (Indochina Time),Thu Mar 12 2026 08:58:16 GMT+0700 (Indochina Time),,
589,Nước Cốt Me,12,,Thu Mar 12 2026 08:58:16 GMT+0700 (Indochina Time),Thu Mar 12 2026 08:58:16 GMT+0700 (Indochina Time),,
590,Nước Cốt Nghệ Tươi,5,,Thu Mar 12 2026 08:58:16 GMT+0700 (Indochina Time),Thu Mar 12 2026 08:58:16 GMT+0700 (Indochina Time),,
591,Nước Cốt Riềng,5,,Thu Mar 12 2026 08:58:16 GMT+0700 (Indochina Time),Thu Mar 12 2026 08:58:16 GMT+0700 (Indochina Time),,
592,Nước Cốt Thơm,12,,Thu Mar 12 2026 08:58:16 GMT+0700 (Indochina Time),Thu Mar 12 2026 08:58:16 GMT+0700 (Indochina Time),,
593,Nước Cốt Tắc,12,,Thu Mar 12 2026 08:58:16 GMT+0700 (Indochina Time),Thu Mar 12 2026 08:58:16 GMT+0700 (Indochina Time),,
594,Nước Củ Kiệu,8,,Thu Mar 12 2026 08:58:16 GMT+0700 (Indochina Time),Thu Mar 12 2026 08:58:16 GMT+0700 (Indochina Time),,
595,Nước Dùng,13,,Thu Mar 12 2026 08:58:16 GMT+0700 (Indochina Time),Thu Mar 12 2026 08:58:16 GMT+0700 (Indochina Time),,
596,Nước Dành Dành,5,,Thu Mar 12 2026 08:58:16 GMT+0700 (Indochina Time),Thu Mar 12 2026 08:58:16 GMT+0700 (Indochina Time),,
598,Nước Dùng Chay,13,,Thu Mar 12 2026 08:58:16 GMT+0700 (Indochina Time),Thu Mar 12 2026 08:58:16 GMT+0700 (Indochina Time),,
599,Nước Dùng Hầm Từ Xương,13,,Thu Mar 12 2026 08:58:16 GMT+0700 (Indochina Time),Thu Mar 12 2026 08:58:16 GMT+0700 (Indochina Time),,
600,Nước Dảo Dừa,12,,Thu Mar 12 2026 08:58:16 GMT+0700 (Indochina Time),Thu Mar 12 2026 08:58:16 GMT+0700 (Indochina Time),,
601,Nước Kim Chi,13,,Thu Mar 12 2026 08:58:16 GMT+0700 (Indochina Time),Thu Mar 12 2026 08:58:16 GMT+0700 (Indochina Time),,
602,Nước Lá Cẩm,5,,Thu Mar 12 2026 08:58:16 GMT+0700 (Indochina Time),Thu Mar 12 2026 08:58:16 GMT+0700 (Indochina Time),,
603,Nước Lá Dứa,5,,Thu Mar 12 2026 08:58:16 GMT+0700 (Indochina Time),Thu Mar 12 2026 08:58:16 GMT+0700 (Indochina Time),,
604,Nước Mía,12,,Thu Mar 12 2026 08:58:16 GMT+0700 (Indochina Time),Thu Mar 12 2026 08:58:16 GMT+0700 (Indochina Time),,
605,Nước Nghệ,5,,Thu Mar 12 2026 08:58:16 GMT+0700 (Indochina Time),Thu Mar 12 2026 08:58:16 GMT+0700 (Indochina Time),,
606,Coca,13,,Thu Mar 12 2026 08:58:16 GMT+0700 (Indochina Time),Thu Mar 12 2026 08:58:16 GMT+0700 (Indochina Time),,
607,Nước Riềng,5,,Thu Mar 12 2026 08:58:16 GMT+0700 (Indochina Time),Thu Mar 12 2026 08:58:16 GMT+0700 (Indochina Time),,
608,Nước Sả,5,,Thu Mar 12 2026 08:58:16 GMT+0700 (Indochina Time),Thu Mar 12 2026 08:58:16 GMT+0700 (Indochina Time),,
609,Nước Thơm,12,,Thu Mar 12 2026 08:58:16 GMT+0700 (Indochina Time),Thu Mar 12 2026 08:58:16 GMT+0700 (Indochina Time),,
610,Nước Trà Xanh,5,,Thu Mar 12 2026 08:58:16 GMT+0700 (Indochina Time),Thu Mar 12 2026 08:58:16 GMT+0700 (Indochina Time),,
611,Nước Táo,12,,Thu Mar 12 2026 08:58:16 GMT+0700 (Indochina Time),Thu Mar 12 2026 08:58:16 GMT+0700 (Indochina Time),,
612,Nước Táu,12,,Thu Mar 12 2026 08:58:16 GMT+0700 (Indochina Time),Thu Mar 12 2026 08:58:16 GMT+0700 (Indochina Time),,
613,Nước Ép Khế Chua,12,,Thu Mar 12 2026 08:58:16 GMT+0700 (Indochina Time),Thu Mar 12 2026 08:58:16 GMT+0700 (Indochina Time),,
614,Nước Ấm,14,,Thu Mar 12 2026 08:58:16 GMT+0700 (Indochina Time),Thu Mar 12 2026 08:58:16 GMT+0700 (Indochina Time),,
615,Nạc Cá Lóc,3,,Thu Mar 12 2026 08:58:16 GMT+0700 (Indochina Time),Thu Mar 12 2026 08:58:16 GMT+0700 (Indochina Time),,
616,Nạc Dăm,2,,Thu Mar 12 2026 08:58:16 GMT+0700 (Indochina Time),Thu Mar 12 2026 08:58:16 GMT+0700 (Indochina Time),,
617,Nấm Bạch Linh Đen,11,,Thu Mar 12 2026 08:58:16 GMT+0700 (Indochina Time),Thu Mar 12 2026 08:58:16 GMT+0700 (Indochina Time),,
618,Nấm Các Loại,11,,Thu Mar 12 2026 08:58:16 GMT+0700 (Indochina Time),Thu Mar 12 2026 08:58:16 GMT+0700 (Indochina Time),,
619,Nấm Hải Sản Trắng,11,,Thu Mar 12 2026 08:58:16 GMT+0700 (Indochina Time),Thu Mar 12 2026 08:58:16 GMT+0700 (Indochina Time),,
620,Nấm Lộc Nhung,11,,Thu Mar 12 2026 08:58:16 GMT+0700 (Indochina Time),Thu Mar 12 2026 08:58:16 GMT+0700 (Indochina Time),,
621,Nấm Mối,11,,Thu Mar 12 2026 08:58:16 GMT+0700 (Indochina Time),Thu Mar 12 2026 08:58:16 GMT+0700 (Indochina Time),,
622,Nấm Mỡ,11,,Thu Mar 12 2026 08:58:16 GMT+0700 (Indochina Time),Thu Mar 12 2026 08:58:16 GMT+0700 (Indochina Time),,
623,Nấm Nhật,11,,Thu Mar 12 2026 08:58:16 GMT+0700 (Indochina Time),Thu Mar 12 2026 08:58:16 GMT+0700 (Indochina Time),,
624,Nấm Nút,11,,Thu Mar 12 2026 08:58:16 GMT+0700 (Indochina Time),Thu Mar 12 2026 08:58:16 GMT+0700 (Indochina Time),,
625,Nấm Tràm Khô,11,,Thu Mar 12 2026 08:58:16 GMT+0700 (Indochina Time),Thu Mar 12 2026 08:58:16 GMT+0700 (Indochina Time),,
626,Nấm Tuyết,11,,Thu Mar 12 2026 08:58:16 GMT+0700 (Indochina Time),Thu Mar 12 2026 08:58:16 GMT+0700 (Indochina Time),,
627,Nấm Đông Cô,11,,Thu Mar 12 2026 08:58:16 GMT+0700 (Indochina Time),Thu Mar 12 2026 08:58:16 GMT+0700 (Indochina Time),,
628,Nấm Đầu Khỉ,11,,Thu Mar 12 2026 08:58:16 GMT+0700 (Indochina Time),Thu Mar 12 2026 08:58:16 GMT+0700 (Indochina Time),,
629,Nụ Đinh Hương,5,,Thu Mar 12 2026 08:58:16 GMT+0700 (Indochina Time),Thu Mar 12 2026 08:58:16 GMT+0700 (Indochina Time),,
630,Phi Lê Cá Cam,3,,Thu Mar 12 2026 08:58:16 GMT+0700 (Indochina Time),Thu Mar 12 2026 08:58:16 GMT+0700 (Indochina Time),,
632,Phèn Chua,5,,Thu Mar 12 2026 08:58:16 GMT+0700 (Indochina Time),Thu Mar 12 2026 08:58:16 GMT+0700 (Indochina Time),,
633,Phô Mai Bào Sợi,4,,Thu Mar 12 2026 08:58:16 GMT+0700 (Indochina Time),Thu Mar 12 2026 08:58:16 GMT+0700 (Indochina Time),,
634,Phô Mai Chedda,4,,Thu Mar 12 2026 08:58:16 GMT+0700 (Indochina Time),Thu Mar 12 2026 08:58:16 GMT+0700 (Indochina Time),,
635,Phô Mai Mozzarella,4,,Thu Mar 12 2026 08:58:16 GMT+0700 (Indochina Time),Thu Mar 12 2026 08:58:16 GMT+0700 (Indochina Time),,
636,Phở,6,,Thu Mar 12 2026 08:58:16 GMT+0700 (Indochina Time),Thu Mar 12 2026 08:58:16 GMT+0700 (Indochina Time),,
637,Radish,1,,Thu Mar 12 2026 08:58:16 GMT+0700 (Indochina Time),Thu Mar 12 2026 08:58:16 GMT+0700 (Indochina Time),,
638,Rau Cuốn,1,,Thu Mar 12 2026 08:58:16 GMT+0700 (Indochina Time),Thu Mar 12 2026 08:58:16 GMT+0700 (Indochina Time),,
639,Rau Diếp Cá,1,,Thu Mar 12 2026 08:58:16 GMT+0700 (Indochina Time),Thu Mar 12 2026 08:58:16 GMT+0700 (Indochina Time),,
640,Rau Dưa,1,,Thu Mar 12 2026 08:58:16 GMT+0700 (Indochina Time),Thu Mar 12 2026 08:58:16 GMT+0700 (Indochina Time),,
641,Rau Dừa,1,,Thu Mar 12 2026 08:58:16 GMT+0700 (Indochina Time),Thu Mar 12 2026 08:58:16 GMT+0700 (Indochina Time),,
642,Rau Ghém,1,,Thu Mar 12 2026 08:58:16 GMT+0700 (Indochina Time),Thu Mar 12 2026 08:58:16 GMT+0700 (Indochina Time),,
643,Rau Lang,1,,Thu Mar 12 2026 08:58:16 GMT+0700 (Indochina Time),Thu Mar 12 2026 08:58:16 GMT+0700 (Indochina Time),,
644,Rau Má,1,,Thu Mar 12 2026 08:58:16 GMT+0700 (Indochina Time),Thu Mar 12 2026 08:58:16 GMT+0700 (Indochina Time),,
645,Rau Mầm,1,,Thu Mar 12 2026 08:58:16 GMT+0700 (Indochina Time),Thu Mar 12 2026 08:58:16 GMT+0700 (Indochina Time),,
646,Rau Nêm,5,,Thu Mar 12 2026 08:58:16 GMT+0700 (Indochina Time),Thu Mar 12 2026 08:58:16 GMT+0700 (Indochina Time),,
647,Rau Om,1,,Thu Mar 12 2026 08:58:16 GMT+0700 (Indochina Time),Thu Mar 12 2026 08:58:16 GMT+0700 (Indochina Time),,
648,Rau Quế,5,,Thu Mar 12 2026 08:58:16 GMT+0700 (Indochina Time),Thu Mar 12 2026 08:58:16 GMT+0700 (Indochina Time),,
649,Rau Rừng,1,,Thu Mar 12 2026 08:58:16 GMT+0700 (Indochina Time),Thu Mar 12 2026 08:58:16 GMT+0700 (Indochina Time),,
650,Rau Sam,1,,Thu Mar 12 2026 08:58:16 GMT+0700 (Indochina Time),Thu Mar 12 2026 08:58:16 GMT+0700 (Indochina Time),,
651,Rau Thì Là,5,,Thu Mar 12 2026 08:58:16 GMT+0700 (Indochina Time),Thu Mar 12 2026 08:58:16 GMT+0700 (Indochina Time),,
652,Rau Tiến Vua Khô,1,,Thu Mar 12 2026 08:58:16 GMT+0700 (Indochina Time),Thu Mar 12 2026 08:58:16 GMT+0700 (Indochina Time),,
653,Rau Tía Tô,1,,Thu Mar 12 2026 08:58:16 GMT+0700 (Indochina Time),Thu Mar 12 2026 08:58:16 GMT+0700 (Indochina Time),,
654,Rau Tần Ô,1,,Thu Mar 12 2026 08:58:16 GMT+0700 (Indochina Time),Thu Mar 12 2026 08:58:16 GMT+0700 (Indochina Time),,
655,Rau Xà Lách,1,,Thu Mar 12 2026 08:58:16 GMT+0700 (Indochina Time),Thu Mar 12 2026 08:58:16 GMT+0700 (Indochina Time),,
656,Rau Ôm,1,,Thu Mar 12 2026 08:58:16 GMT+0700 (Indochina Time),Thu Mar 12 2026 08:58:16 GMT+0700 (Indochina Time),,
657,Rau Ăn Lẩu,1,,Thu Mar 12 2026 08:58:16 GMT+0700 (Indochina Time),Thu Mar 12 2026 08:58:16 GMT+0700 (Indochina Time),,
658,Rau Đay,1,,Thu Mar 12 2026 08:58:16 GMT+0700 (Indochina Time),Thu Mar 12 2026 08:58:16 GMT+0700 (Indochina Time),,
659,Romanie,1,,Thu Mar 12 2026 08:58:16 GMT+0700 (Indochina Time),Thu Mar 12 2026 08:58:16 GMT+0700 (Indochina Time),,
660,Rong Nho,3,,Thu Mar 12 2026 08:58:16 GMT+0700 (Indochina Time),Thu Mar 12 2026 08:58:16 GMT+0700 (Indochina Time),,
661,Ruốc Khô,3,,Thu Mar 12 2026 08:58:16 GMT+0700 (Indochina Time),Thu Mar 12 2026 08:58:16 GMT+0700 (Indochina Time),,
662,Ruốc Tươi,3,,Thu Mar 12 2026 08:58:16 GMT+0700 (Indochina Time),Thu Mar 12 2026 08:58:16 GMT+0700 (Indochina Time),,
663,Râu Mực,3,,Thu Mar 12 2026 08:58:16 GMT+0700 (Indochina Time),Thu Mar 12 2026 08:58:16 GMT+0700 (Indochina Time),,
664,Rượu Brandy,13,,Thu Mar 12 2026 08:58:16 GMT+0700 (Indochina Time),Thu Mar 12 2026 08:58:16 GMT+0700 (Indochina Time),,
665,Rượu Mai Quế Lộ,13,,Thu Mar 12 2026 08:58:16 GMT+0700 (Indochina Time),Thu Mar 12 2026 08:58:16 GMT+0700 (Indochina Time),,
666,Rượu Mirin,13,,Thu Mar 12 2026 08:58:16 GMT+0700 (Indochina Time),Thu Mar 12 2026 08:58:16 GMT+0700 (Indochina Time),,
667,Rượu Ngũ Vị,13,,Thu Mar 12 2026 08:58:16 GMT+0700 (Indochina Time),Thu Mar 12 2026 08:58:16 GMT+0700 (Indochina Time),,
668,Rượu Nếp,13,,Thu Mar 12 2026 08:58:16 GMT+0700 (Indochina Time),Thu Mar 12 2026 08:58:16 GMT+0700 (Indochina Time),,
669,Rượu Rum,13,,Thu Mar 12 2026 08:58:16 GMT+0700 (Indochina Time),Thu Mar 12 2026 08:58:16 GMT+0700 (Indochina Time),,
670,Rượu Sake,13,,Thu Mar 12 2026 08:58:16 GMT+0700 (Indochina Time),Thu Mar 12 2026 08:58:16 GMT+0700 (Indochina Time),,
671,Rượu Vang Trắng,13,,Thu Mar 12 2026 08:58:16 GMT+0700 (Indochina Time),Thu Mar 12 2026 08:58:16 GMT+0700 (Indochina Time),,
672,Rượu Vang Đỏ,13,,Thu Mar 12 2026 08:58:16 GMT+0700 (Indochina Time),Thu Mar 12 2026 08:58:16 GMT+0700 (Indochina Time),,
673,Rễ Ngò,5,,Thu Mar 12 2026 08:58:16 GMT+0700 (Indochina Time),Thu Mar 12 2026 08:58:16 GMT+0700 (Indochina Time),,
674,Rễ Thì Là,5,,Thu Mar 12 2026 08:58:16 GMT+0700 (Indochina Time),Thu Mar 12 2026 08:58:16 GMT+0700 (Indochina Time),,
675,Sa Tế,8,,Thu Mar 12 2026 08:58:16 GMT+0700 (Indochina Time),Thu Mar 12 2026 08:58:16 GMT+0700 (Indochina Time),,
676,Salad Nấm Linh Chi,13,,Thu Mar 12 2026 08:58:16 GMT+0700 (Indochina Time),Thu Mar 12 2026 08:58:16 GMT+0700 (Indochina Time),,
677,Salad Romaine,13,,Thu Mar 12 2026 08:58:16 GMT+0700 (Indochina Time),Thu Mar 12 2026 08:58:16 GMT+0700 (Indochina Time),,
678,Salad Roman,13,,Thu Mar 12 2026 08:58:16 GMT+0700 (Indochina Time),Thu Mar 12 2026 08:58:16 GMT+0700 (Indochina Time),,
679,Salad Á,13,,Thu Mar 12 2026 08:58:16 GMT+0700 (Indochina Time),Thu Mar 12 2026 08:58:16 GMT+0700 (Indochina Time),,
680,Siro Dâu,13,,Thu Mar 12 2026 08:58:16 GMT+0700 (Indochina Time),Thu Mar 12 2026 08:58:16 GMT+0700 (Indochina Time),,
681,Socola,13,,Thu Mar 12 2026 08:58:16 GMT+0700 (Indochina Time),Thu Mar 12 2026 08:58:16 GMT+0700 (Indochina Time),,
682,Su Hào,1,,Thu Mar 12 2026 08:58:16 GMT+0700 (Indochina Time),Thu Mar 12 2026 08:58:16 GMT+0700 (Indochina Time),,
683,Su Su,1,,Thu Mar 12 2026 08:58:16 GMT+0700 (Indochina Time),Thu Mar 12 2026 08:58:16 GMT+0700 (Indochina Time),,
684,Syrup Đào,13,,Thu Mar 12 2026 08:58:16 GMT+0700 (Indochina Time),Thu Mar 12 2026 08:58:16 GMT+0700 (Indochina Time),,
685,Sò Lông,3,,Thu Mar 12 2026 08:58:16 GMT+0700 (Indochina Time),Thu Mar 12 2026 08:58:16 GMT+0700 (Indochina Time),,
686,Sò Điệp,3,,Thu Mar 12 2026 08:58:16 GMT+0700 (Indochina Time),Thu Mar 12 2026 08:58:16 GMT+0700 (Indochina Time),,
687,Súp Miso,13,,Thu Mar 12 2026 08:58:16 GMT+0700 (Indochina Time),Thu Mar 12 2026 08:58:16 GMT+0700 (Indochina Time),,
688,Súp Phở Chay,13,,Thu Mar 12 2026 08:58:16 GMT+0700 (Indochina Time),Thu Mar 12 2026 08:58:16 GMT+0700 (Indochina Time),,
689,Sườn Non,2,,Thu Mar 12 2026 08:58:16 GMT+0700 (Indochina Time),Thu Mar 12 2026 08:58:16 GMT+0700 (Indochina Time),,
690,Sườn Sụn,2,,Thu Mar 12 2026 08:58:16 GMT+0700 (Indochina Time),Thu Mar 12 2026 08:58:16 GMT+0700 (Indochina Time),,
691,Sườn Chay,13,,Thu Mar 12 2026 08:58:16 GMT+0700 (Indochina Time),Thu Mar 12 2026 08:58:16 GMT+0700 (Indochina Time),,
692,Sườn Cây,2,,Thu Mar 12 2026 08:58:16 GMT+0700 (Indochina Time),Thu Mar 12 2026 08:58:16 GMT+0700 (Indochina Time),,
693,Sấu,12,,Thu Mar 12 2026 08:58:16 GMT+0700 (Indochina Time),Thu Mar 12 2026 08:58:16 GMT+0700 (Indochina Time),,
694,Sữa Chua,4,,Thu Mar 12 2026 08:58:16 GMT+0700 (Indochina Time),Thu Mar 12 2026 08:58:16 GMT+0700 (Indochina Time),,
695,Sữa Đậu Nành,10,,Thu Mar 12 2026 08:58:16 GMT+0700 (Indochina Time),Thu Mar 12 2026 08:58:16 GMT+0700 (Indochina Time),,
696,Tabasco,8,,Thu Mar 12 2026 08:58:16 GMT+0700 (Indochina Time),Thu Mar 12 2026 08:58:16 GMT+0700 (Indochina Time),,
697,Tai Chua,13,,Thu Mar 12 2026 08:58:16 GMT+0700 (Indochina Time),Thu Mar 12 2026 08:58:16 GMT+0700 (Indochina Time),,
698,Tai Lợn,2,,Thu Mar 12 2026 08:58:16 GMT+0700 (Indochina Time),Thu Mar 12 2026 08:58:16 GMT+0700 (Indochina Time),,
699,Tai Vị,2,,Thu Mar 12 2026 08:58:16 GMT+0700 (Indochina Time),Thu Mar 12 2026 08:58:16 GMT+0700 (Indochina Time),,
700,Thịt Vịt,2,,Thu Mar 12 2026 08:58:16 GMT+0700 (Indochina Time),Thu Mar 12 2026 08:58:16 GMT+0700 (Indochina Time),,
701,Thịt Xay,2,,Thu Mar 12 2026 08:58:16 GMT+0700 (Indochina Time),Thu Mar 12 2026 08:58:16 GMT+0700 (Indochina Time),,
702,Thịt Nguội Chay,13,,Thu Mar 12 2026 08:58:16 GMT+0700 (Indochina Time),Thu Mar 12 2026 08:58:16 GMT+0700 (Indochina Time),,
703,Thuốc Bắc,5,,Thu Mar 12 2026 08:58:16 GMT+0700 (Indochina Time),Thu Mar 12 2026 08:58:16 GMT+0700 (Indochina Time),,
704,Thịt Bê,2,,Thu Mar 12 2026 08:58:16 GMT+0700 (Indochina Time),Thu Mar 12 2026 08:58:16 GMT+0700 (Indochina Time),,
705,Thịt Băm,2,,Thu Mar 12 2026 08:58:16 GMT+0700 (Indochina Time),Thu Mar 12 2026 08:58:16 GMT+0700 (Indochina Time),,
706,Thịt Càng Ghẹ,3,,Thu Mar 12 2026 08:58:16 GMT+0700 (Indochina Time),Thu Mar 12 2026 08:58:16 GMT+0700 (Indochina Time),,
707,Thịt Cốt Lết,2,,Thu Mar 12 2026 08:58:16 GMT+0700 (Indochina Time),Thu Mar 12 2026 08:58:16 GMT+0700 (Indochina Time),,
708,Thịt Dê,2,,Thu Mar 12 2026 08:58:16 GMT+0700 (Indochina Time),Thu Mar 12 2026 08:58:16 GMT+0700 (Indochina Time),,
709,Thịt Hến,3,,Thu Mar 12 2026 08:58:16 GMT+0700 (Indochina Time),Thu Mar 12 2026 08:58:16 GMT+0700 (Indochina Time),,
710,Thịt Mực Chay,13,,Thu Mar 12 2026 08:58:16 GMT+0700 (Indochina Time),Thu Mar 12 2026 08:58:16 GMT+0700 (Indochina Time),,
711,Thịt Nghêu,3,,Thu Mar 12 2026 08:58:16 GMT+0700 (Indochina Time),Thu Mar 12 2026 08:58:16 GMT+0700 (Indochina Time),,
712,Thịt Nách,2,,Thu Mar 12 2026 08:58:16 GMT+0700 (Indochina Time),Thu Mar 12 2026 08:58:16 GMT+0700 (Indochina Time),,
713,Thịt Quay,2,,Thu Mar 12 2026 08:58:16 GMT+0700 (Indochina Time),Thu Mar 12 2026 08:58:16 GMT+0700 (Indochina Time),,
714,Sầu Riêng,12,,Thu Mar 12 2026 08:58:16 GMT+0700 (Indochina Time),Thu Mar 12 2026 08:58:16 GMT+0700 (Indochina Time),,
715,Thịt Thăn Ngoại,2,,Thu Mar 12 2026 08:58:16 GMT+0700 (Indochina Time),Thu Mar 12 2026 08:58:16 GMT+0700 (Indochina Time),,
716,Thịt Xá Xíu,2,,Thu Mar 12 2026 08:58:16 GMT+0700 (Indochina Time),Thu Mar 12 2026 08:58:16 GMT+0700 (Indochina Time),,
717,Thịt Xông Khói,2,,Thu Mar 12 2026 08:58:16 GMT+0700 (Indochina Time),Thu Mar 12 2026 08:58:16 GMT+0700 (Indochina Time),,
718,Thịt Đà Điểu,2,,Thu Mar 12 2026 08:58:16 GMT+0700 (Indochina Time),Thu Mar 12 2026 08:58:16 GMT+0700 (Indochina Time),,
719,Thịt Đùi,2,,Thu Mar 12 2026 08:58:16 GMT+0700 (Indochina Time),Thu Mar 12 2026 08:58:16 GMT+0700 (Indochina Time),,
720,Thịt Đùi Dê,2,,Thu Mar 12 2026 08:58:16 GMT+0700 (Indochina Time),Thu Mar 12 2026 08:58:16 GMT+0700 (Indochina Time),,
721,Thịt Đầu Vai,2,,Thu Mar 12 2026 08:58:16 GMT+0700 (Indochina Time),Thu Mar 12 2026 08:58:16 GMT+0700 (Indochina Time),,
722,Thịt Ếch,3,,Thu Mar 12 2026 08:58:16 GMT+0700 (Indochina Time),Thu Mar 12 2026 08:58:16 GMT+0700 (Indochina Time),,
723,Thịt Ốc Bươu,3,,Thu Mar 12 2026 08:58:16 GMT+0700 (Indochina Time),Thu Mar 12 2026 08:58:16 GMT+0700 (Indochina Time),,
724,Thịt Ốc Giác,3,,Thu Mar 12 2026 08:58:16 GMT+0700 (Indochina Time),Thu Mar 12 2026 08:58:16 GMT+0700 (Indochina Time),,
725,Thịt Ốc Lác,3,,Thu Mar 12 2026 08:58:16 GMT+0700 (Indochina Time),Thu Mar 12 2026 08:58:16 GMT+0700 (Indochina Time),,
726,Thịt Ốc Miếng,3,,Thu Mar 12 2026 08:58:16 GMT+0700 (Indochina Time),Thu Mar 12 2026 08:58:16 GMT+0700 (Indochina Time),,
727,Thịt Ốc Móng Tay,3,,Thu Mar 12 2026 08:58:16 GMT+0700 (Indochina Time),Thu Mar 12 2026 08:58:16 GMT+0700 (Indochina Time),,
728,Trà Matcha Sữa Blendy Ổi,13,,Thu Mar 12 2026 08:58:16 GMT+0700 (Indochina Time),Thu Mar 12 2026 08:58:16 GMT+0700 (Indochina Time),,
729,Trà Sữa Blendy Royal,13,,Thu Mar 12 2026 08:58:16 GMT+0700 (Indochina Time),Thu Mar 12 2026 08:58:16 GMT+0700 (Indochina Time),,
730,Trà Sữa Royal Blendy,13,,Thu Mar 12 2026 08:58:16 GMT+0700 (Indochina Time),Thu Mar 12 2026 08:58:16 GMT+0700 (Indochina Time),,
731,Trà Tim Sen Gừng Táo Đỏ Blendy,13,,Thu Mar 12 2026 08:58:16 GMT+0700 (Indochina Time),Thu Mar 12 2026 08:58:16 GMT+0700 (Indochina Time),,
732,Trà Đào Hương Cam Sả Blendy,13,,Thu Mar 12 2026 08:58:16 GMT+0700 (Indochina Time),Thu Mar 12 2026 08:58:16 GMT+0700 (Indochina Time),,
733,Trái Sung Khô,12,,Thu Mar 12 2026 08:58:16 GMT+0700 (Indochina Time),Thu Mar 12 2026 08:58:16 GMT+0700 (Indochina Time),,
734,Dầu Giấm,8,,Thu Mar 12 2026 08:58:16 GMT+0700 (Indochina Time),Thu Mar 12 2026 08:58:16 GMT+0700 (Indochina Time),,
735,Trứng Bắc Thảo,9,,Thu Mar 12 2026 08:58:16 GMT+0700 (Indochina Time),Thu Mar 12 2026 08:58:16 GMT+0700 (Indochina Time),,
736,Trứng Cá,3,,Thu Mar 12 2026 08:58:16 GMT+0700 (Indochina Time),Thu Mar 12 2026 08:58:16 GMT+0700 (Indochina Time),,
737,Trứng Cá Chuồn,3,,Thu Mar 12 2026 08:58:16 GMT+0700 (Indochina Time),Thu Mar 12 2026 08:58:16 GMT+0700 (Indochina Time),,
738,Trứng Cá Hồi,3,,Thu Mar 12 2026 08:58:16 GMT+0700 (Indochina Time),Thu Mar 12 2026 08:58:16 GMT+0700 (Indochina Time),,
739,Trứng Cá Thu,3,,Thu Mar 12 2026 08:58:16 GMT+0700 (Indochina Time),Thu Mar 12 2026 08:58:16 GMT+0700 (Indochina Time),,
740,Táo,12,,Thu Mar 12 2026 08:58:16 GMT+0700 (Indochina Time),Thu Mar 12 2026 08:58:16 GMT+0700 (Indochina Time),,
741,Táo Tàu,12,,Thu Mar 12 2026 08:58:16 GMT+0700 (Indochina Time),Thu Mar 12 2026 08:58:16 GMT+0700 (Indochina Time),,
742,Tép,3,,Thu Mar 12 2026 08:58:16 GMT+0700 (Indochina Time),Thu Mar 12 2026 08:58:16 GMT+0700 (Indochina Time),,
743,Tóc Tiên,11,,Thu Mar 12 2026 08:58:16 GMT+0700 (Indochina Time),Thu Mar 12 2026 08:58:16 GMT+0700 (Indochina Time),,
744,Tóp Mỡ,7,,Thu Mar 12 2026 08:58:16 GMT+0700 (Indochina Time),Thu Mar 12 2026 08:58:16 GMT+0700 (Indochina Time),,
745,Tôm Chay,13,,Thu Mar 12 2026 08:58:16 GMT+0700 (Indochina Time),Thu Mar 12 2026 08:58:16 GMT+0700 (Indochina Time),,
746,Tôm Chua,3,,Thu Mar 12 2026 08:58:16 GMT+0700 (Indochina Time),Thu Mar 12 2026 08:58:16 GMT+0700 (Indochina Time),,
747,Tôm Càng,3,,Thu Mar 12 2026 08:58:16 GMT+0700 (Indochina Time),Thu Mar 12 2026 08:58:16 GMT+0700 (Indochina Time),,
748,Tôm Hấp,3,,Thu Mar 12 2026 08:58:16 GMT+0700 (Indochina Time),Thu Mar 12 2026 08:58:16 GMT+0700 (Indochina Time),,
749,Tôm Thẻ,3,,Thu Mar 12 2026 08:58:16 GMT+0700 (Indochina Time),Thu Mar 12 2026 08:58:16 GMT+0700 (Indochina Time),,
750,Tôm Tươi,3,,Thu Mar 12 2026 08:58:16 GMT+0700 (Indochina Time),Thu Mar 12 2026 08:58:16 GMT+0700 (Indochina Time),,
751,Tôm Viên,13,,Thu Mar 12 2026 08:58:16 GMT+0700 (Indochina Time),Thu Mar 12 2026 08:58:16 GMT+0700 (Indochina Time),,
752,Tôm Đất,3,,Thu Mar 12 2026 08:58:16 GMT+0700 (Indochina Time),Thu Mar 12 2026 08:58:16 GMT+0700 (Indochina Time),,
753,Tương Bần,8,,Thu Mar 12 2026 08:58:16 GMT+0700 (Indochina Time),Thu Mar 12 2026 08:58:16 GMT+0700 (Indochina Time),,
754,Tương Chua Ngọt,8,,Thu Mar 12 2026 08:58:16 GMT+0700 (Indochina Time),Thu Mar 12 2026 08:58:16 GMT+0700 (Indochina Time),,
755,Tương Hạt Xay,8,,Thu Mar 12 2026 08:58:16 GMT+0700 (Indochina Time),Thu Mar 12 2026 08:58:16 GMT+0700 (Indochina Time),,
756,Tương Hột,8,,Thu Mar 12 2026 08:58:16 GMT+0700 (Indochina Time),Thu Mar 12 2026 08:58:16 GMT+0700 (Indochina Time),,
757,Tương Mè Trắng,8,,Thu Mar 12 2026 08:58:16 GMT+0700 (Indochina Time),Thu Mar 12 2026 08:58:16 GMT+0700 (Indochina Time),,
758,Tương Tàu Xì,8,,Thu Mar 12 2026 08:58:16 GMT+0700 (Indochina Time),Thu Mar 12 2026 08:58:16 GMT+0700 (Indochina Time),,
759,Tương Xí Muội,8,,Thu Mar 12 2026 08:58:16 GMT+0700 (Indochina Time),Thu Mar 12 2026 08:58:16 GMT+0700 (Indochina Time),,
760,Tương Đỏ,8,,Thu Mar 12 2026 08:58:16 GMT+0700 (Indochina Time),Thu Mar 12 2026 08:58:16 GMT+0700 (Indochina Time),,
761,Tương Đậu Nành,8,,Thu Mar 12 2026 08:58:16 GMT+0700 (Indochina Time),Thu Mar 12 2026 08:58:16 GMT+0700 (Indochina Time),,
762,Tương Đậu Hàn Quốc,8,,Thu Mar 12 2026 08:58:16 GMT+0700 (Indochina Time),Thu Mar 12 2026 08:58:16 GMT+0700 (Indochina Time),,
763,Tương Ớt,8,,Thu Mar 12 2026 08:58:16 GMT+0700 (Indochina Time),Thu Mar 12 2026 08:58:16 GMT+0700 (Indochina Time),,
765,Vani,5,,Thu Mar 12 2026 08:58:16 GMT+0700 (Indochina Time),Thu Mar 12 2026 08:58:16 GMT+0700 (Indochina Time),,
766,Viên Thả Lẩu,13,,Thu Mar 12 2026 08:58:16 GMT+0700 (Indochina Time),Thu Mar 12 2026 08:58:16 GMT+0700 (Indochina Time),,
767,Váng Đậu Tươi,10,,Thu Mar 12 2026 08:58:16 GMT+0700 (Indochina Time),Thu Mar 12 2026 08:58:16 GMT+0700 (Indochina Time),,
768,Vây Cá Hồi,3,,Thu Mar 12 2026 08:58:16 GMT+0700 (Indochina Time),Thu Mar 12 2026 08:58:16 GMT+0700 (Indochina Time),,
769,Vẹm,3,,Thu Mar 12 2026 08:58:16 GMT+0700 (Indochina Time),Thu Mar 12 2026 08:58:16 GMT+0700 (Indochina Time),,
770,Vỏ Bánh Gyoza Ổi,6,,Thu Mar 12 2026 08:58:16 GMT+0700 (Indochina Time),Thu Mar 12 2026 08:58:16 GMT+0700 (Indochina Time),,
771,Vỏ Cam Mài,5,,Thu Mar 12 2026 08:58:16 GMT+0700 (Indochina Time),Thu Mar 12 2026 08:58:16 GMT+0700 (Indochina Time),,
772,Vỏ Quýt Khô,5,,Thu Mar 12 2026 08:58:16 GMT+0700 (Indochina Time),Thu Mar 12 2026 08:58:16 GMT+0700 (Indochina Time),,
773,Vỏ Ram Xấp,6,,Thu Mar 12 2026 08:58:16 GMT+0700 (Indochina Time),Thu Mar 12 2026 08:58:16 GMT+0700 (Indochina Time),,
774,Vỏ Tắc,5,,Thu Mar 12 2026 08:58:16 GMT+0700 (Indochina Time),Thu Mar 12 2026 08:58:16 GMT+0700 (Indochina Time),,
775,Wakame,3,,Thu Mar 12 2026 08:58:16 GMT+0700 (Indochina Time),Thu Mar 12 2026 08:58:16 GMT+0700 (Indochina Time),,
776,Whipping Cream,4,,Thu Mar 12 2026 08:58:16 GMT+0700 (Indochina Time),Thu Mar 12 2026 08:58:16 GMT+0700 (Indochina Time),,
777,Xoài,12,,Thu Mar 12 2026 08:58:16 GMT+0700 (Indochina Time),Thu Mar 12 2026 08:58:16 GMT+0700 (Indochina Time),,
778,Xôi Trắng,6,,Thu Mar 12 2026 08:58:16 GMT+0700 (Indochina Time),Thu Mar 12 2026 08:58:16 GMT+0700 (Indochina Time),,
779,Xôi Đậu Phộng,6,,Thu Mar 12 2026 08:58:16 GMT+0700 (Indochina Time),Thu Mar 12 2026 08:58:16 GMT+0700 (Indochina Time),,
780,Xôi Đậu Xanh,6,,Thu Mar 12 2026 08:58:16 GMT+0700 (Indochina Time),Thu Mar 12 2026 08:58:16 GMT+0700 (Indochina Time),,
781,Xúc Xích,2,,Thu Mar 12 2026 08:58:16 GMT+0700 (Indochina Time),Thu Mar 12 2026 08:58:16 GMT+0700 (Indochina Time),,
782,Xúc Xích Chay,13,,Thu Mar 12 2026 08:58:16 GMT+0700 (Indochina Time),Thu Mar 12 2026 08:58:16 GMT+0700 (Indochina Time),,
783,Xương Gà,2,,Thu Mar 12 2026 08:58:16 GMT+0700 (Indochina Time),Thu Mar 12 2026 08:58:16 GMT+0700 (Indochina Time),,
784,Xương Xí Quách,2,,Thu Mar 12 2026 08:58:16 GMT+0700 (Indochina Time),Thu Mar 12 2026 08:58:16 GMT+0700 (Indochina Time),,
785,Xương Ống,2,,Thu Mar 12 2026 08:58:16 GMT+0700 (Indochina Time),Thu Mar 12 2026 08:58:16 GMT+0700 (Indochina Time),,
786,Xốt Mayonnaise,8,,Thu Mar 12 2026 08:58:16 GMT+0700 (Indochina Time),Thu Mar 12 2026 08:58:16 GMT+0700 (Indochina Time),,
787,Xốt Mè,8,,Thu Mar 12 2026 08:58:16 GMT+0700 (Indochina Time),Thu Mar 12 2026 08:58:16 GMT+0700 (Indochina Time),,
788,Xốt Mận,8,,Thu Mar 12 2026 08:58:16 GMT+0700 (Indochina Time),Thu Mar 12 2026 08:58:16 GMT+0700 (Indochina Time),,
789,Xốt Okonomiyaki,8,,Thu Mar 12 2026 08:58:16 GMT+0700 (Indochina Time),Thu Mar 12 2026 08:58:16 GMT+0700 (Indochina Time),,
790,Xốt Tabasco,8,,Thu Mar 12 2026 08:58:16 GMT+0700 (Indochina Time),Thu Mar 12 2026 08:58:16 GMT+0700 (Indochina Time),,
791,Xốt Takoyaki,8,,Thu Mar 12 2026 08:58:16 GMT+0700 (Indochina Time),Thu Mar 12 2026 08:58:16 GMT+0700 (Indochina Time),,
792,Xốt Tương Đậu Nành Lisa,8,,Thu Mar 12 2026 08:58:16 GMT+0700 (Indochina Time),Thu Mar 12 2026 08:58:16 GMT+0700 (Indochina Time),,
793,Xốt Ớt Hàn Quốc,8,,Thu Mar 12 2026 08:58:16 GMT+0700 (Indochina Time),Thu Mar 12 2026 08:58:16 GMT+0700 (Indochina Time),,
794,Xốt Ớt Đậu,8,,Thu Mar 12 2026 08:58:16 GMT+0700 (Indochina Time),Thu Mar 12 2026 08:58:16 GMT+0700 (Indochina Time),,
795,Điên Điển,1,,Thu Mar 12 2026 08:58:16 GMT+0700 (Indochina Time),Thu Mar 12 2026 08:58:16 GMT+0700 (Indochina Time),,
796,Đồ Chua,13,,Thu Mar 12 2026 08:58:16 GMT+0700 (Indochina Time),Thu Mar 12 2026 08:58:16 GMT+0700 (Indochina Time),,
797,Đông Trùng Hạ Thảo,11,,Thu Mar 12 2026 08:58:16 GMT+0700 (Indochina Time),Thu Mar 12 2026 08:58:16 GMT+0700 (Indochina Time),,
798,Đảng Sâm,14,,Thu Mar 12 2026 08:58:16 GMT+0700 (Indochina Time),Thu Mar 12 2026 08:58:16 GMT+0700 (Indochina Time),,
799,Đầu Cá Hồi,3,,Thu Mar 12 2026 08:58:16 GMT+0700 (Indochina Time),Thu Mar 12 2026 08:58:16 GMT+0700 (Indochina Time),,
800,Đầu Mực,3,,Thu Mar 12 2026 08:58:16 GMT+0700 (Indochina Time),Thu Mar 12 2026 08:58:16 GMT+0700 (Indochina Time),,
801,Đậu Cove,1,,Thu Mar 12 2026 08:58:16 GMT+0700 (Indochina Time),Thu Mar 12 2026 08:58:16 GMT+0700 (Indochina Time),,
802,Đậu Hũ,10,,Thu Mar 12 2026 08:58:16 GMT+0700 (Indochina Time),Thu Mar 12 2026 08:58:16 GMT+0700 (Indochina Time),,
803,Đậu Ngự Tươi,10,,Thu Mar 12 2026 08:58:16 GMT+0700 (Indochina Time),Thu Mar 12 2026 08:58:16 GMT+0700 (Indochina Time),,
804,Đậu Petit Pois,10,,Thu Mar 12 2026 08:58:16 GMT+0700 (Indochina Time),Thu Mar 12 2026 08:58:16 GMT+0700 (Indochina Time),,
805,Đậu Pháp,1,,Thu Mar 12 2026 08:58:16 GMT+0700 (Indochina Time),Thu Mar 12 2026 08:58:16 GMT+0700 (Indochina Time),,
806,Đậu Que,1,,Thu Mar 12 2026 08:58:16 GMT+0700 (Indochina Time),Thu Mar 12 2026 08:58:16 GMT+0700 (Indochina Time),,
807,Đậu Rồng,1,,Thu Mar 12 2026 08:58:16 GMT+0700 (Indochina Time),Thu Mar 12 2026 08:58:16 GMT+0700 (Indochina Time),,
808,Đậu Thận,10,,Thu Mar 12 2026 08:58:16 GMT+0700 (Indochina Time),Thu Mar 12 2026 08:58:16 GMT+0700 (Indochina Time),,
809,Đậu Đũa,1,,Thu Mar 12 2026 08:58:16 GMT+0700 (Indochina Time),Thu Mar 12 2026 08:58:16 GMT+0700 (Indochina Time),,
810,Đế Bánh Pizza,6,,Thu Mar 12 2026 08:58:16 GMT+0700 (Indochina Time),Thu Mar 12 2026 08:58:16 GMT+0700 (Indochina Time),,
811,Ốc Cà Na,3,,Thu Mar 12 2026 08:58:16 GMT+0700 (Indochina Time),Thu Mar 12 2026 08:58:16 GMT+0700 (Indochina Time),,
812,Ốc Hương,3,,Thu Mar 12 2026 08:58:16 GMT+0700 (Indochina Time),Thu Mar 12 2026 08:58:16 GMT+0700 (Indochina Time),,
813,Ốc Lác,3,,Thu Mar 12 2026 08:58:16 GMT+0700 (Indochina Time),Thu Mar 12 2026 08:58:16 GMT+0700 (Indochina Time),,
814,Ốc Móng Tay,3,,Thu Mar 12 2026 08:58:16 GMT+0700 (Indochina Time),Thu Mar 12 2026 08:58:16 GMT+0700 (Indochina Time),,
815,Ốc Mỡ,3,,Thu Mar 12 2026 08:58:16 GMT+0700 (Indochina Time),Thu Mar 12 2026 08:58:16 GMT+0700 (Indochina Time),,
816,Ổi,12,,Thu Mar 12 2026 08:58:16 GMT+0700 (Indochina Time),Thu Mar 12 2026 08:58:16 GMT+0700 (Indochina Time),,
2407,Nấm đùi gà,1,,Wed Apr 08 2026 07:48:18 GMT+0700 (Indochina Time),Wed Apr 08 2026 07:48:18 GMT+0700 (Indochina Time),,
2408,Báng tráng,1,,Wed Apr 08 2026 08:00:34 GMT+0700 (Indochina Time),Wed Apr 08 2026 08:00:34 GMT+0700 (Indochina Time),,
